GROUP,Subgroup,Group Code,Old Code,Main FG Code,SMS New Part No.,Description & Size,FG OUTSOURCE,SFG OUTSOURCE,OUTSOURCE COMBO FG & SFG,Purchased Uom,Consumption_UOM,ID,OD,W,Thickenesss
FG,Oil Seal,945,101,,945-05745,Oil Seal-NBR (Size:95x130x13),,IH,IH,Pc,,95,130,13,
FG,Oil Seal,945,102,,945-05744,Oil Seal-NBR (Size:110x140x13),,IH,IH,Pc,,110,140,13,
FG,Oil Seal,945,103,,945-05758,HUB OIL SEAL TATA 1210 REAR INNER METAL OD(135x160X13),,RING OS,RING OS,Pc,,135,160,13,
FG,Oil Seal,945,104,,945-05759,Oil Seal-NBR (Size:95x125x13),,RING OS,RING OS,Pc,,95,125,13,
FG,Oil Seal,945,105,,945-05747,105X130X13,,RING OS,RING OS,Pc,,105,130,13,
FG,Oil Seal,945,106,,945-05746,120x145x15,,RING OS,RING OS,Pc,,120,145,15,
FG,Oil Seal,945,110R,,945-05754,125x150x12 R,,RING OS,RING OS,Pc,,125,150,12,
FG,Oil Seal,945,111,,945-05773,"90X110x10- SINGLE LIP -1
90X110x10- DOUBLE LIP -1
RUBBER RING -1",,MOULDED OS,MOULDED OS,,,90,110,10,
FG,Oil Seal,945,115A,,945-05618,87.1x63.8x18,,IH,IH,,,,,,
FG,Oil Seal,945,115B,,945-05617,95.3x76.3x14.5,,IH,IH,,,,,,
FG,Oil Seal,945,118,,945-05681,65x90x15,,MOULDED OS,MOULDED OS,Pc,,65,90,15,
FG,Oil Seal,945,119,,945-05682,Oil Seal-Silicone (Size:65x90x15),,IH,IH,Pc,,65,90,15,
FG,Oil Seal,985,121,,985-05901,OIL SEAL-NBR (Size:52x72x12),,IH,IH,Pc,,52,72,12,
FG,Oil Seal,945,122,,945-05684,Oil Seal-NBR (Size:58x75x12),,IH,IH,Pc,,58,75,12,
FG,Oil Seal,945,123,,945-05692,36x54X7,,MOULDED OS,MOULDED OS,Pc,,36,54,7,
FG,Oil Seal,945,135,,945-05669,Oil Seal-NBR (Size:38x52x6.5 (149x206x25)),,IH,IH,Pc,,38,52,6.5,
FG,Oil Seal,945,136,,945-05670,Oil Seal-NBR (Size:38x54x8 (RUBBER)),,IH,IH,Pc,,38,54,8,
FG,Hub Greasiing Kit,945,191,,945-05698,"945-05745-101-95x130x13-Qty2
945-05744-102-110x140x13-Qty2
WASHER Qty2
GASKET Qty2
BIG SHIMS THIN Qty4
SMALL SHIMS THIN Qty2
BIG SHIMS THICK Qty4
SMALL SHIMS THICK Qty2",,MOULDED OS,MOULDED OS,Pc,,,,,
FG,Hub Greasiing Kit,945,192,,945-05695,"945-05747-105-105x130x13-Qty2
945-05746-106-120x145x15-Qty-2
GASKET-Qty2
COTTER PIN-Qty2
WASHER-Qty2
BIG SHIMS THIN-Qty4
SMALL SHIMS THIN-Qty2
BIG SHIMS THICK-Qty4
SMALL SHIMS THICK-Qty2",,RING OS,RING OS,Pc,,,,,
FG,Hub Greasiing Kit,945,193,,945-05708,"945-05747-105-105x130x13-Qty2
945-05720-109A-135x170x15-Qty4
945-05721-110A-125x150x12-Qty4
GASKET Qty4
COTTER PIN Qty2
BIG SHIMS THIN Qty4
SMALL SHIMS THIN Qty2
BIG SHIMS THICK Qty4
SMALL SHIMS THICK Qty2",,RING OS,RING OS,Pc,,,,,
FG,Repair Kit,585,195,,585-05821,"985-05903-202-75x100x10/11-Qty2
985-05835-203-75x95x13-Qty2
985-05909-204-70x90x7-Qty2
GASKET Qty2
WASHER Qty2",,RING OS,RING OS,Pc,,,,,
FG,Repair Kit,585,196,,585-05823,"945-05759-104-95x125x13-Qty2
985-05903-202-75x100x10/11-Qty2
985-05912-218-95x125x10-Qty2
GASKET Qty2
WASHER Qty2",,RING OS,RING OS,Pc,,,,,
FG,Repair Kit,585,200,,585-05816,"985-03210-106A-120x145x15-Qty2
985-05826-383-100x120x13-Qty2
985-05834-381-95x125X13-Qty2
GASKET-Qty2
SPILT PIN-Qty2",,106A&GASKET & SPLIT SFT OS,106A&GASKET & SPLIT SFT OS,Pc,,,,,
FG,Oil Seal,985,202,,985-05903,OIL SEAL-NBR (Size:75x100x10),,RING OS,RING OS,Pc,,,,,
FG,Oil Seal,985,203,,985-05835,95x75x13,,RING OS,RING OS,Pc,,,,,
FG,Oil Seal,995,1238,,995-06420,62x45x10,,IH,IH,,,,,,
FG,Oil Seal,995,1239,,995-06387,62x45x9,,IH,IH,,,,,,
FG,Oil Seal,995,1302,,995-06434,68.25x39.67 x9.53,,IH,IH,,,,,,
FG,Oil Seal,995,1307,,995-06340,85x57.15x11/12,,IH,IH,,,,,,
FG,Oil Seal,995,1308,,995-06341,72.2x 45x11,,IH,IH,,,,,,
FG,Oil Seal,995,1333,,995-06402,100x80x12,,IH,IH,,,,,,
FG,Oil Seal,945,190C,,945-05668,190X165X12,,IH,IH,,,,,,
FG,Oil Seal,985,404,,985-05854,182.58x158.75x12.7,,IH,IH,,,,,,
FG,Oil Seal,985,652A,,985-06182,48x70x10,,RING OS,RING OS,,,,,,
FG,Oil Seal,935,7107,,935-02842,35x47x7,,MOULDED OS,MOULDED OS,,,,,,
FG,Oil Seal,935,7177,,935-02542,35x50x8/13,,MOULDED OS,MOULDED OS,,,,,,
FG,Oil Seal,935,7183,,935-02487,15x24x5,,MOULDED OS,MOULDED OS,,,,,,
FG,Oil Seal,935,7211,,935-02491,28x48x10,,MOULDED OS,MOULDED OS,,,,,,
FG,Oil Seal,935,7212,,935-02492,35x47x8,,MOULDED OS,MOULDED OS,,,,,,
FG,Oil Seal,935,7214,,935-02506,33x55x5,,MOULDED OS,MOULDED OS,,,,,,
FG,Oil Seal,935,7230,,935-02778,20x47x8,,MOULDED OS,MOULDED OS,,,,,,
FG,Oil Seal,985,735,,985-06084,40x55x7,,RING OS,RING OS,,,,,,
FG,Oil Seal,985,801,,985-05933,62X48X11/21,,RING OS,RING OS,,,,,,
FG,Oil Seal,985,802,,985-05934,72X40X6.8,,RING OS,RING OS,,,,,,
FG,Oil Seal,985,802A,,985-05936,50x72x10,,RING OS,RING OS,,,,,,
FG,Oil Seal,935,935-02481,,935-02481,33x50x6.5/10,,MOULDED OS,MOULDED OS,,,,,,
FG,Oil Seal,935,935-15113,,935-15113,20x62x6.58,,MOULDED OS,MOULDED OS,,,,,,
FG,Oil Seal,935,935-15114,,935-15114,33x50x6,,MOULDED OS,MOULDED OS,,,,,,
FG,Oil Seal,935,935-15115,,935-15115,24x47x7,,MOULDED OS,MOULDED OS,,,,,,
FG,Oil Seal,935,935-15116,,935-15116,41x60x7,,MOULDED OS,MOULDED OS,,,,,,
FG,Oil Seal,935,935-15117,,935-15117,24x38x6,,MOULDED OS,MOULDED OS,,,,,,
FG,Oil Seal,935,935-15118,,935-15118,24x47x7,,MOULDED OS,MOULDED OS,,,,,,
FG,Oil Seal,975,975-15120,,975-15120,35x55x10,,RING OS,RING OS,,,,,,
FG,Oil Seal,975,975-15121,,975-15121,50x64x8,,RING OS,RING OS,,,,,,
FG,Oil Seal,975,975-15122,,975-15122,38x44.5x8,,RING OS,RING OS,,,,,,
FG,Oil Seal,975,975-15123,,975-15123,48x62x8,,RING OS,RING OS,,,,,,
FG,Oil Seal,975,975-15124,,975-15124,54x76x11/17,,IH,IH,,,,,,
FG,Oil Seal,985,985-06088,,985-06088,39.42x80x6.45/13.5,,RING OS,RING OS,,,,,,
FG,Cassette Seal,995,995-03086,,995-03086,170x200x14.5/16 ,,IH,IH,,,,,,
FG,Oil Seal,985,204,,985-05909,OIL SEAL-NBR (Size:70x90x7),,IH,IH,Pc,,,,,
FG,Oil Seal,985,205,,985-05911,OIL SEAL-NBR (Size:80-100-10),,RING OS,RING OS,Pc,,,,,
FG,Oil Seal,985,218,,985-05912,OIL SEAL-NBR (Size:95x125x10),,IH,IH,Pc,,,,,
FG,Oil Seal,945,250,,945-05564,130x162x14,,IH,IH,Pc,,,,,
FG,Oil Seal,945,251,,945-05486,Oil Seal-NBR (Size:130.18x161.93x14.27),,RING OS,RING OS,Pc,,,,,
FG,Oil Seal,945,252,,945-05568,Oil Seal-NBR (Size:88.9x130.18x12.7),,IH,IH,Pc,,,,,
FG,Oil Seal,945,253,,945-05569,Oil Seal-NBR (Size:88.9x130.18x12.7),,IH,IH,Pc,,,,,
FG,Oil Seal,945,255,,945-05571,Oil Seal-NBR (Size:130.18x152.4x14.27),,IH,IH,Pc,,,,,
FG,Oil Seal,945,256,,945-05573,158.75x182.58x15.88,,RING OS,RING OS,,,,,,
FG,Oil Seal,945,257,,945-05582,Oil Seal-NBR (Size:158.75x182.58x15.88),,RING OS,RING OS,Pc,,,,,
FG,Oil Seal,945,258,,945-05560,Oil Seal-NBR (Size:152.4x171.45x12.7),,IH,IH,Pc,,,,,
FG,Oil Seal,945,259,,945-05563,Oil Seal-NBR (Size:152.4x171.45x12.7),,IH,IH,Pc,,,,,
FG,Oil Seal,945,260,,945-05290,Oil Seal-NBR (Size:69.85x92.08x12.7),,IH,IH,Pc,,,,,
FG,Oil Seal,945,261,,945-05590,Oil Seal-NBR (Size:69.85x88.9x15.88),,IH,IH,Pc,,,,,
FG,Oil Seal,945,281,,945-05443,Oil Seal-NBR (Size:42x62x10 MR),,IH,IH,Pc,,,,,
FG,,945,283,,945-05473,25x35x7,,IH,IH,,,,,,
FG,Oil Seal,945,282,,945-05445,60X74X10,,IH,IH,Pc,,,,,
FG,Oil Seal,945,310,,945-05585,HUB OIL SEAL REAR INNER 170x202x24,,RING OS,RING OS,Pc,,,,,
FG,Oil Seal,945,311,,945-05381,Oil Seal-NBR (Size:25x35x7/10),,IH,IH,Pc,,,,,
FG,Oil Seal,945,313,,945-05460,Oil Seal-NBR (Size:52x68x8),,IH,IH,Pc,,,,,
FG,Oil Seal,945,314,,945-05383,105x125x12/16,,IH,IH,Pc,,,,,
FG,Oil Seal,945,315,,945-05394,Oil Seal-FKM (Size:85x123x18),,IH,IH,Pc,,,,,
FG,Oil Seal,945,316,,945-05613,PINION OIL SEAL KIT RS160 (WITH NUT) 85.5x150x18.5,,IH,IH,Pc,,,,,
FG,Oil Seal,945,317,,945-05609,Oil Seal-FKM (Size:73x140x18),,IH,IH,Pc,,,,,
FG,Oil Seal,945,322,,945-05587,Oil Seal-NBR (Size:57.27x84.12x9.5),,IH,IH,Pc,,,,,
FG,Oil Seal,945,324,,945-05395,Oil Seal-NBR (Size:59.1x74.3x9.83),,IH,IH,Pc,,,,,
FG,Oil Seal,945,332,,945-05488,Oil Seal-NBR (Size:22x32x6.5/7),,IH,IH,Pc,,,,,
FG,Oil Seal,945,333,,945-05384,Oil Seal-FKM (Size:78x100x10),,IH,IH,Pc,,,,,
FG,Oil Seal,945,945-05664,,945-05664,,,MOULDED OS,MOULDED OS,,,,,,
FG,Oil Seal,945,336,,945-05399,60x74x10,,IH,IH,,,,,,
FG,Oil Seal,945,337,,945-05492,Oil Seal-NBR (Size:146x175x15),,IH,IH,Pc,,,,,
FG,,999,999-01941,,999-01941,48x65x10,,,,,,,,,
FG,Oil Seal,945,352,,945-05538,Oil Seal-NBR (Size:63.5x115.2x10.7),,IH,IH,Pc,,,,,
FG,Oil Seal,945,353,,945-05529,Oil Seal-NBR (Size:100x130x12/14 MRC),,MOULDED OS,MOULDED OS,Pc,,,,,
FG,Oil Seal,985,375,,985-05837,OIL SEAL-NBR (Size:72x94x10),,IH,IH,Pc,,,,,
FG,Oil Seal,985,376,,985-05847,OIL SEAL-NBR (Size:100x120x13),,IH,IH,Pc,,,,,
FG,Oil Seal,985,381,,985-05834,OIL SEAL-NBR (Size:95-125-13),,IH,IH,Pc,,,,,
FG,Oil Seal,985,382,,985-05844,OIL SEAL-NBR (Size:85x110x12),,IH,IH,Pc,,,,,
FG,Oil Seal,985,383,,985-05826,OIL SEAL-NBR (Size:120-145-15),,IH,IH,Pc,,,,,
FG,,985,427,,985-05879,,,IH,IH,PC,,,,,
FG,,985,429,,985-05877,GEAR BOX SEAL (SMALL) FRONT (CHILLAM) -30x44x9,,IH,IH,Pc,,,,,
FG,Oil Seal,995,501,,995-05270,Oil Seal-NBR (Size:106x154x13/7),,IH,IH,Pc,,,,,
FG,Oil Seal,995,504,,995-03942,OIL SEAL,,IH,IH,,,,,,
FG,Oil Seal,945,509,,945-05279,Oil Seal-NBR (Size:161.5x195x20),,IH,IH,Pc,,,,,
FG,Oil Seal,945,521,,945-05645,Oil Seal-NBR (Size:100x125x12),,IH,IH,Pc,,,,,
FG,Oil Seal,945,522,,945-05652,Oil Seal-NBR (Size:101x131x12 / 16),,IH,IH,Pc,,,,,
FG,Oil Seal,945,523,,945-05648,Oil Seal-NBR (Size:125x150x14),,IH,IH,Pc,,,,,
FG,Oil Seal,945,524,,945-05649,125x150x13,,IH,IH,Pc,,,,,
FG,Oil Seal,995,525,,995-12067,100X120X13,,IH,IH,,,,,,
FG,Oil Seal,945,527,,945-05643,Oil Seal-NBR (Size:143x113x12 / 16),,IH,IH,Pc,,,,,
FG,Oil Seal,945,531,,945-05812,152.60x117.20x27,,IH,IH,Pc,,,,,
FG,Oil Seal,945,532,,945-05813,125x160x12,,IH,IH,Pc,,,,,
FG,Oil Seal,945,541,,945-05663,153.60X108X17,,IH,IH,Pc,,,,,
FG,Oil Seal,945,546,,945-05026,80X105X13,,IH,IH,Pc,,,,,
FG,Oil Seal,985,641,,985-06057,OIL SEAL-NBR (Size:40x62x10.5),,IH,IH,Pc,,,,,
FG,Oil Seal,985,642,,985-06058,OIL SEAL-REAR HUB OUTER-(Size:72x55x9.5),,IH,IH,Pc,,,,,
FG,Oil Seal,985,652,,985-06174,OIL SEAL-NBR (Size:48x65x10),,IH,IH,Pc,,,,,
FG,Oil Seal,985,653,,985-06176,OIL SEAL-NBR (Size:42x62x12),,IH,IH,Pc,,,,,
FG,Oil Seal,985,736,,985-06085,Hub Oil Seal M&M Maximo Rear Outer(Size:60x32x10),,RING OS,RING OS,PC,,,,,
FG,Oil Seal,985,737,,985-06086,OIL SEAL-NBR (Size:49.5X63.5X8),,IH,IH,Pc,,,,,
FG,Oil Seal,555,776,,555-07872,55x80x10,,IH,IH,Pc,,,,,
FG,Oil Seal,995,1018,,995-06353,HUB OIL SEAL REAR (METAL OUTER)-140x110x13,,IH,IH,,,,,,
FG,Oil Seal,995,1019,,995-06356,HUB OIL SEAL REAR (METAL OUTER)-145x120x15,,IH,IH,,,,,,
FG,Oil Seal,995,1021,,995-06357,Oil Seals-NBR (Size:45x72x12),,IH,IH,Pc,,,,,
FG,Oil Seal,995,1025,,995-06361,Oil Seals-NBR (Size:55x80x10),,IH,IH,Pc,,,,,
FG,Oil Seal,995,1030,,995-06362,Oil Seals-NBR (Size:45x72x16),,IH,IH,Pc,,,,,
FG,Oil Seal,995,1048,,995-06363,HUB OIL SEAL FRONT WHEEL-75x50x10,,IH,IH,,,,,,
FG,Oil Seal,995,1123,,995-06374,Oil Seals-NBR (Size:70x90x13),,IH,IH,Pc,,,,,
FG,Oil Seal,965,1170,,965-06347,56x80x13.5/14.5,,IH,IH,,,,,,
FG,,995,1203,,995-06730,45X80X10,,IH,IH,,,,,,
FG,,995,1204,,995-06731,75x50x8,,IH,IH,,,,,,
FG,Oil Seal,995,1208,,995-06379,Oil Seals-NBR (Size:44.45x73.76x12.7),,IH,IH,Pc,,,,,
FG,Oil Seal,995,1209,,995-06327,Oil Seals-NBR (Size:56x80x11.5),,IH,IH,Pc,,,,,
FG,Oil Seal,995,1210,,995-06380,Oil Seals-NBR (Size:50x80x10),,IH,IH,Pc,,,,,
FG,Oil Seal,995,1218,,995-06323,Oil Seals- (Size:70x105x15),,IH,IH,Pc,,,,,
FG,Oil Seal,995,1234,,995-06381,Oil Seals-NBR (Size:65x85.73x12.7),,IH,IH,Pc,,,,,
FG,Oil Seal,995,1236,,995-06330,Oil Seals-NBR (Size:80x108.6x15.6),,IH,IH,Pc,,,,,
FG,Oil Seal,995,1237,,995-06382,Oil Seals-NBR (Size:65.08x85.73x12.7),,IH,IH,Pc,,,,,
FG,,995,1264,,995-07559,35x25x7,,IH,IH,,,,,,
FG,Oil Seal,995,1267,,995-06427,Oil Seals-NBR (Size:60x80x10),,IH,IH,Pc,,,,,
FG,Oil Seal,995,1286,,995-06429,Oil Seals-NBR (Size:50x73x8),,IH,IH,Pc,,,,,
FG,Oil Seal,995,1301,,995-06430,Oil Seals-NBR (Size:47.62x69.85x9.53),,IH,IH,Pc,,,,,
FG,Oil Seal,995,1304,,995-06338,Oil Seals-NBR (Size:50X80X10.5),,IH,IH,Pc,,,,,
FG,Oil Seal,995,1315,,995-06435,Oil Seals-NBR (Size:69.85x92.02x14.27),,IH,IH,Pc,,,,,
FG,,995,1325,,995-07018,68.23x44.38x12.50/16,,IH,IH,,,,,,
FG,Oil Seal,995,1328,,995-06437,Oil Seals-NBR (Size:53.98x73.03x12.7),,IH,IH,Pc,,,,,
FG,Oil Seal,995,1352,,995-06300,SEAL PTO SHAFT-68x36x12,,IH,IH,,,,,,
FG,,995,1353,,995-06310,AXLE SEAL CASSETTE- (Size : 127-160-15.5/16),,IH,IH,Pc,,,,,
FG,Oil Seal,965,1354,,965-06326,CASSETTE SEAL AXLE-180x150x14.5/16.5,,IH,IH,,,,,,
FG,Oil Seal,995,1355,,995-06331,Oil Seals-NBR (Size:73x103x11),,IH,IH,Pc,,,,,
FG,Oil Seal,995,1356,,995-06333,Oil Seals-NBR (Size:84X130X17.5),,MOULDED OS,MOULDED OS,Pc,,,,,
FG,Oil Seal,995,1357,,995-06335,Oil Seals-NBR (Size:48X75X14/17),,IH,IH,Pc,,,,,
FG,Oil Seal,995,1358,,995-06336,Oil Seals-NBR (Size:53.2x78x11/13.5),,IH,IH,Pc,,,,,
FG,Oil Seal,995,1359,,995-06337,Oil Seals-NBR (Size:45x70x14/17),,IH,IH,Pc,,,,,
FG,,945,1407,,945-05398,Oil Seal-NBR (Size:48x65x 10),,IH,IH,Pc,,,,,
FG,Oil Seal,995,2164,,995-06318,130x160x14.5/16.5,,IH,IH,Pc,,,,,
FG,Oil Seal,999,21124,21124,999-01855,35x44x16,,IH,IH,,,,,,
FG,Oil Seal,999,30001,,999-00902,145x175x13,,IH,IH,Pc,,,,,
FG,Oil Seal,999,30002,,999-00885,145x175x14,,IH,IH,Pc,,,,,
FG,Repair Kit,599,30003,,599-00011,"999-00902-30001-145x175x13-Qty1
999-00885-30002-145x175x14-Qty1
999-08235-40043-255X5-Qty1
LOCK WASHER : 88.5X122.5 Qty1
ALUMINIUM WASHER : 45x52x2 Qty1
BRASS WASHER : 24x29x2 Qty1",,LOCK WASHER & ALUMINUM WASHER & BRASS WASER & GASKIT OS,LOCK WASHER & ALUMINUM WASHER & BRASS WASER & GASKIT OS,Pc,,,,,
FG,,999,30006,,999-00892,145x175/205x9/14,,IH,IH,,,,,,
FG,Oil Seal,999,30009,,999-00904,95x115x13,,IH,IH,Pc,,,,,
FG,Oil Seal,999,30012,,999-00872,115x140x13,,IH,IH,,,,,,
FG,Oil Seal,999,30013,,999-01937,25x35x7,,IH,IH,Pc,,,,,
FG,Oil Seal,999,30014,,999-00911,52x68x8,,IH,IH,Pc,,,,,
FG,Oil Seal,999,30015,,999-01080,56x77x8,,IH,IH,Pc,,,,,
FG,,968,30023,,968-03798,100x130x12,,IH,IH,,,,,,
FG,Oil Seal,999,30028,,999-00932,42x56x7,,IH,IH,Pc,,,,,
FG,Oil Seal,999,30031,,999-00213,OIL SEAL-ACM (Size:55x75x8/9.2),,IH,IH,Pc,,,,,
FG,,999,30032,,999-00917,65x90x13,,IH,IH,,,,,,
FG,Oil Seal,999,30036,,999-00737,85x145x12/37,,IH,IH,Pc,,,,,
FG,,999,30037,,999-01387,125x152.4x15,,IH,IH,,,,,,
FG,,999,30040,,999-00883,85x105x13,,IH,IH,,,,,,
FG,,999,30041,,999-00947,OIL SEAL-NBR (Size:75x100x13),,IH,IH,Pc,,,,,
FG,Oil Seal,999,30045,,999-01271,OIL SEAL-FKM (Size:90x110x10),,IH,IH,Pc,,,,,
FG,Oil Seal,999,30049,,999-01180,145x175x8,,IH,IH,Pc,,,,,
FG,Oil Seal,999,30051,,999-00901,145x175x15,,IH,IH,Pc,,,,,
FG,,999,30052,,999-00936,OIL SEAL-FKM (Size:48x75x8),,IH,IH,Pc,,,,,
FG,Oil Seal,999,30055,,999-00760,30055-160x180x10 With Helix,,IH,IH,,,,,,
FG,,999,999-00605,30055,999-00605,30055-160X180X10 without helix,,IH,IH,,,,,,
FG,Oil Seal,999,30057,,999-00933,120x140x13,,IH,IH,Pc,,,,,
FG,,999,30058,,999-00880,OIL SEAL-PTFE+ACM (Size:105x130x12),,IH,IH,Pc,,,,,
FG,Oil Seal,999,30059,,999-00870,85x155x12/33,,IH,IH,Pc,,,,,
FG,Oil Seal,999,30060,,999-00899,86x100x14,,IH,IH,,,,,,
FG,,999,30061,,999-00884,68x90x9.5/10,,IH,IH,,,,,,
FG,Oil Seal,999,30062,,999-01181,145x175x15,,IH,IH,Pc,,,,,
FG,Oil Seal,999,30067,,999-00910,OIL SEAL-NBR (Size:28x40x8/8.5),,IH,IH,Pc,,,,,
FG,Oil Seal,999,30068,,999-00918,OIL SEAL-NBR (Size:100x130x13),,IH,IH,Pc,,,,,
FG,Oil Seal,999,30070,,999-00903,145x175x16,,IH,IH,Pc,,,,,
FG,Oil Seal,999,30075,,999-00859,70x100x16/12.5,,IH,IH,,,,,,
FG,,999,30076,,999-00718,85x110x12/17,,IH,IH,,,,,,
FG,Oil Seal,999,30077,,999-00867,78x104x11,,IH,IH,,,,,,
FG,Oil Seal,999,30078,,999-00935,120x150x15,,IH,IH,,,,,,
FG,Oil Seal,999,30079,,999-00889,125X150X15,,IH,IH,,,,,,
FG,Oil Seal,999,30080,,999-00873,145x175x17/21,,IH,IH,,,,,,
FG,,999,30082,,999-01987,105x130x9.5/12,,IH,IH,,,,,,
FG,Oil Seal,999,30084,,999-00888,95x115x15.5,,IH,IH,,,,,,
FG,Oil Seal,999,30085,,999-00881,"OIL SEAL-FKM+NBR (Size:78x135x12/21,5)",,IH,IH,Pc,,,,,
FG,Oil Seal,999,30086,,999-00920,75x95x10,,IH,IH,Pc,,,,,
FG,Oil Seal,799,30087,,799-00845,ABS RING-CRC (Size:176x196x16),,IH,IH,Pc,,,,,
FG,Oil Seal,999,30088,,999-00894,100x130x14,,IH,IH,Pc,,,,,
FG,Oil Seal,999,30089,,999-00887,OIL SEAL-NBR (Size:145x175x11),,IH,IH,Pc,,,,,
FG,Oil Seal,999,30093,,999-00865,75X95X8/9.2,,IH,IH,,,,,,
FG,Oil Seal,999,30094,,999-00863,"OIL SEAL-FKM (Size:50x65x8/13,5)",,IH,IH,Pc,,,,,
FG,Oil Seal,999,30099,,999-00779,72x105x19,,IH,IH,,,,,,
FG,,599,30101,,599-00251,"REPAIR KIT-FKM
ACM
FKM (Size:Oil seal 125x148x9.7 (2.65028)
Seal ring 99x112x7 (2.65000)
Oil seal 125x148.3x8.1/9.3 (2.65045))",,IH,IH,Pc,,,,,
FG,Oil Seal,999,30104,,999-01520,125x148.6/156.4x8.1/9.3,,IH,IH,,,,,,
FG,Oil Seal,999,30105,,999-02023,110x140x11/19 HALF RUBBER,,IH,IH,Pc,,,,,
FG,Oil Seal,998,30107,,998-01446,80x110.05x12,,IH,IH,,,,,,
FG,Oil Seal,999,30110,,999-02002,180x205x15,,IH,IH,,,,,,
FG,Oil Seal,999,30113,,999-01900,57.5x90/99x13,,IH,IH,,,,,,
FG,,999,30119,,999-02008,80x150x12/20,,IH,IH,,,,,,
FG,Oil Seal,999,30128,,999-02047,168x190.5x30/31.6,,IH,IH,Pc,,,,,
FG,Oil Seal,999,30134,,999-02056,155x180x15,,IH,IH,,,,,,
FG,Oil Seal,999,30136,,999-01990,90x145x10,,IH,IH,,,,,,
FG,Oil Seal,999,30137,,999-02006,90x151x10/5,,IH,IH,Pc,,,,,
FG,Oil Seal,999,30139,,999-00587,OIL SEAL-FKM (Size:132x172x12.5/14.5),,IH,IH,Pc,,,,,
FG,Oil Seal,999,30140,,999-01884,32x40x8,,IH,IH,Pc,,,,,
FG,Oil Seal,999,30143,,999-01997,136x159x13,,IH,IH,,,,,,
FG,Oil Seal,969,30144,,969-02853,130x150x13,,IH,IH,,,,,,
FG,Oil Seal,999,30147,,999-02007,80x130.2x12/20,,IH,IH,Pc,,,,,
FG,Oil Seal,999,30150,,999-01882,90X151X11/18,,IH,IH,Pc,,,,,
FG,,999,30152,,999-00443,105x125x12,,IH,IH,,,,,,
FG,Oil Seal,999,30154,,999-02009,50x65x8,,IH,IH,,,,,,
FG,Oil Seal,999,30155,,999-01964,OIL SEAL-FKM (Size:90x125x12/19),,IH,IH,Pc,,,,,
FG,Oil Seal,999,30157,,999-01915,"OIL SEAL-NBR (Size:150x180x14,5/16)",,IH,IH,Pc,,,,,
FG,Oil Seal,969,30158,,969-03301,100x120x12,,IH,IH,,,,,,
FG,Oil Seal,999,30159,,999-02005,OIL SEAL-NBR (Size:56x75x22.5),,IH,IH,Pc,,,,,
FG,,999,30161,,999-02051,OIL SEAL- (Size:85.7x114.5x9),,IH,IH,Pc,,,,,
FG,Oil Seal,999,30164,,999-00228,OIL SEAL-FKM (Size:110.2x145x10/12),,IH,IH,Pc,,,,,
FG,Oil Seal,999,30165,,999-02011,64.9x90x10/9.5,,IH,IH,Pc,,,,,
FG,Oil Seal,999,30166,,999-01904,OIL SEAL-CRC (Size:140x164x7),,IH,IH,Pc,,,,,
FG,,999,30204,,999-00607,OIL SEAL-NBR (Size:80x100x10/9.5),,IH,IH,Pc,,,,,
FG,Oil Seal,995,30209,,995-08269,54x88.7x12,,IH,IH,Pc,,,,,
FG,,999,30212,,999-0568,55X70X8,,IH,IH,,,,,,
FG,Oil Seal,999,30214,,999-00537,135x175x18,,IH,IH,Pc,,,,,
FG,Oil Seal,999,30215,,999-00600,OIL SEAL-NBR (Size:145x175/205x9/14),,IH,IH,Pc,,,,,
FG,Oil Seal,999,30218,,999-00687,85X150X16.3,,IH,IH,Pc,,,,,
FG,Oil Seal,999,30219,,999-00599,132x160x10,,IH,IH,Pc,,,,,
FG,Oil Seal,999,30220,,999-00538,139x170x11,,IH,IH,Pc,,,,,
FG,,968,30221,,968-03849,65x90x10,,IH,IH,,,,,,
FG,Oil Seal,999,30226,,999-00440,105x130x12,,IH,IH,Pc,,,,,
FG,Oil Seal,999,30228,,999-00601,OIL SEAL-FKM+NBR (Size:85x145x12/37),,IH,IH,Pc,,,,,
FG,,999,30234,,999-00632,85x130x10/21,,IH,IH,,,,,,
FG,Oil Seal,999,30235,,999-00442,OIL SEAL-FKM (Size:105x130x12),,IH,IH,Pc,,,,,
FG,Oil Seal,999,30236,,999-00576,130x100x12,,IH,IH,Pc,,,,,
FG,Oil Seal,999,30239,,999-00579,OIL SEAL-PTFE (Size:120x140x13),,IH,IH,Pc,,,,,
FG,Oil Seal,999,30240,,999-00580,110x130x13,,IH,IH,Pc,,,,,
FG,Oil Seal,999,30241,,999-00535,139x175/205x16.3,,IH,IH,Pc,,,,,
FG,Oil Seal,999,30242,,999-00584,OIL SEAL-PTFE (Size:115x140x12),,IH,IH,Pc,,,,,
FG,Oil Seal,999,30244,,999-00592,OIL SEAL-FKM (Size:24.7x32x2),,IH,IH,Pc,,,,,
FG,Oil Seal,999,30245,,999-00553,25x40x15,,IH,IH,Pc,,,,,
FG,Oil Seal,999,30249,,999-00544,OIL SEAL-FKM (Size:105x140x18),,IH,IH,Pc,,,,,
FG,Oil Seal,999,30250,,999-00555,OIL SEAL-FKM (Size:81x100/137x10/15.5),,IH,IH,Pc,,,,,
FG,Oil Seal,999,30252,,999-00540,60x90x8,,IH,IH,,,,,,
FG,Oil Seal,999,30255,,999-00598,OIL SEAL-FKM (Size:95x120x12/17),,IH,IH,Pc,,,,,
FG,Oil Seal,999,30256,,999-00597,115x140x12/17,,IH,IH,Pc,,,,,
FG,Oil Seal,999,30257,,999-00602,80x135/154x12/18,,IH,IH,Pc,,,,,
FG,Oil Seal,999,30263,,999-00606,100x125x13,,IH,IH,,,,,,
FG,Oil Seal,999,30265,,999-00615,OIL SEAL-FKM (Size:85x150/169x12/31.5),,IH,IH,Pc,,,,,
FG,Oil Seal,999,30301,,999-01787,110x140x15,,IH,IH,,,,,,
FG,Oil Seal,999,30302,,999-00261,125x160x15,,IH,IH,,,,,,
FG,Oil Seal,999,30303,,999-01725,85x105x13/18 MM,,IH,IH,Pc,,,,,
FG,,999,30306,,999-01759,125x150x14,,IH,IH,,,,,,
FG,Oil Seal,999,30308,999-01766,999-01766,75x100x14,,IH,IH,Pc,,,,,
FG,Oil Seal,999,30309,,999-01798,OIL SEAL-FKM (Size:80x100x12),,IH,IH,Pc,,,,,
FG,Oil Seal,999,30310,,999-01729,145x175x13,,IH,IH,,,,,,
FG,Oil Seal,998,30311,,998-01397,145x170x15/20,,IH,IH,Pc,,,,,
FG,Oil Seal,999,30314,,999-01741,140x170x15,,IH,IH,Pc,,,,,
FG,Oil Seal,999,30316,,999-01703,120.65x152.4x22.25,,IH,IH,,,,,,
FG,,,30317,,,44.45x58x7.5,,IH,IH,Pc,,,,,
FG,Oil Seal,999,30318,,999-01739,120x140x12,,IH,IH,Pc,,,,,
FG,Oil Seal,999,30319,,999-00539,132X172X12,,IH,IH,,,,,,
FG,Oil Seal,999,30320,,999-01706,158x188x16,,IH,IH,Pc,,,,,
FG,Oil Seal,999,30321,,999-01708,85x153x13/18,,IH,IH,,,,,,
FG,Oil Seal,999,30322,,999-01698,155x185x13,,IH,IH,,,,,,
FG,Oil Seal,999,30323,,999-01717,145x185x13,,IH,IH,,,,,,
FG,Oil Seal,999,30325,,999-01839,80x100x13,,IH,IH,Pc,,,,,
FG,Oil Seal,999,30326,,999-01724,135x153x13,,IH,IH,,,,,,
FG,Oil Seal,999,30328,,999-01751,44.5x60x7,,IH,IH,Pc,,,,,
FG,Oil Seal,999,30329,,999-01797,OIL SEAL-FKM (Size:125x160x15.5/20),,IH,IH,Pc,,,,,
FG,Oil Seal,999,30331,,999-01780,50x70x9/8,,IH,IH,,,,,,
FG,Oil Seal,999,30332,,999-01754,OIL SEAL-FKM (Size:56x72x8),,IH,IH,Pc,,,,,
FG,,999,30336,,999-01722,80x100x10,,IH,IH,,,,,,
FG,Oil Seal,999,30337,,999-01764,55x75x9,,IH,IH,Pc,,,,,
FG,Oil Seal,999,30338,,999-01721,25x35x7,,IH,IH,Pc,,,,,
FG,Oil Seal,999,30406,,999-00131,125x160/190x18/20,,IH,IH,,,,,,
FG,Oil Seal,999,30407,,999-00107,134x161x16,,IH,IH,,,,,,
FG,Oil Seal,999,30408,,999-00129,154x180x12,,IH,IH,Pc,,,,,
FG,Oil Seal,999,30409,,999-00120,100x124x12,,IH,IH,Pc,,,,,
FG,Oil Seal,999,30410,,999-00115,130x155x12.5/16,,IH,IH,,,,,,
FG,Oil Seal,999,30411,,999-00106,166x191x16,,IH,IH,,,,,,
FG,Oil Seal,999,30412,,999-00121,100x140/166x16/22,,IH,IH,Pc,,,,,
FG,Oil Seal,999,30416,,999-00126,OIL SEAL-ACM (Size:77x95.3x6),,IH,IH,Pc,,,,,
FG,Oil Seal,999,30421,,999-01045,87x182x26,,IH,IH,,,,,,
FG,Oil Seal,999,30422,,999-00134,OIL SEAL-NBR (Size:113x150x13),,IH,IH,Pc,,,,,
FG,Oil Seal,999,30424,,999-00124,85x140x13,,IH,IH,Pc,,,,,
FG,Oil Seal,999,30451,,999-00161,88x123x15,,IH,IH,Pc,,,,,
FG,Oil Seal,999,30452,,999-00147,130x160x14,,IH,IH,Pc,,,,,
FG,Oil Seal,999,30455,,999-00335,180x200x12,,IH,IH,Pc,,,,,
FG,Oil Seal,999,30456,,999-00288,95x130x16,,IH,IH,Pc,,,,,
FG,Oil Seal,999,30458,,999-00214,90x120x11,,IH,IH,,,,,,
FG,Oil Seal,999,30459,,999-00286,80x100x12,,IH,IH,,,,,,
FG,Oil Seal,999,30461,,999-00221,190x160x13,,IH,IH,,,,,,
FG,Oil Seal,999,30462,,999-00305,OIL SEAL-FKM (Size:60x90x13),,IH,IH,Pc,,,,,
FG,,999,30463,,999-00321,128x144/152.3x11/26,,IH,IH,,,,,,
FG,Oil Seal,999,30464,,999-00308,66x92x19,,IH,IH,Pc,,,,,
FG,Oil Seal,999,30466,,999-00301,180x200x17,,IH,IH,,,,,,
FG,Oil Seal,999,30469,UOS-062,999-02359,Oil Seal-FKM (Size:70x90x10),,IH,IH,Pc,,,,,
FG,,968,30470,,968-03786,180x200x15,,IH,IH,,,,,,
FG,Oil Seal,999,30506,,999-01449,150x180x15,,IH,IH,,,,,,
FG,Oil Seal,999,30507,,999-01476,120X160X15/16,,IH,IH,,,,,,
FG,Oil Seal,999,30508,,999-00002,28x42x7,,IH,IH,Pc,,,,,
FG,Oil Seal,999,30509,,999-00007,68x102x9.5/15,,IH,IH,,,,,,
FG,Oil Seal,979,30511,,979-06017,OIL SEAL-NBR (Size:27x37x7),,IH,IH,Pc,,,,,
FG,Oil Seal,999,30514,,999-01551,153x171.3x13,,IH,IH,Pc,,,,,
FG,Oil Seal,999,30516,,999-01650,OIL SEAL-NBR (Size:120x150x15),,IH,IH,Pc,,,,,
FG,Oil Seal,999,30517,,999-01500,95x120x13,,IH,IH,Pc,,,,,
FG,Oil Seal,999,30519,,999-01860,OIL SEAL-PTFE+ACM (Size:180x205x15),,IH,IH,Pc,,,,,
FG,Oil Seal,999,30551,,999-00327,80X120X15,,IH,IH,,,,,,
FG,Oil Seal,999,30651,,999-03998,,,IH,IH,,,,,,
FG,Oil Seal,999,30704,,999-01473,82.5x101.6x12,,IH,IH,,,,,,
FG,,996,30708,,996-02431,OIL SEAL-NBR (Size:115x140x12),,IH,IH,Pc,,,,,
FG,Oil Seal,999,31005,,999-01060,138X163X12,,IH,IH,,,,,,
FG,,799,31007,,799-00556,ABS RING-CRC (Size:114x160x27.5),,IH,IH,Pc,,,,,
FG,Oil Seal,999,31008,,999-01576,OIL SEAL-NBR (Size:26x37x7/7.5),,IH,IH,Pc,,,,,
FG,Oil Seal,999,31011,,999-11532,77X141X11.5/27.5,,IH,IH,,,,,,
FG,Oil Seal,999,999-01110,,999-01110,Seal Ring-21.2x29.6x6,,IH,IH,,,,,,
FG,Oil Seal,999,999-01172,,999-01172,Seal Ring-120X157X3,,MOULDED OS,MOULDED OS,,,,,,
FG,Oil Seal,999,999-01218,,999-01218,Seal Ring-144x205x3.5,,MOULDED OS,MOULDED OS,,,,,,
FG,Oil Seal,999,999-02357 ,,999-02357 ,85X105X13 Single lip,,IH,IH,,,,,,
FG,Valve Stem,999,35007,,999-00098,"Valve Stem: Ø 9 mm Inner
Diameter: 15 mm Outer
Diameter: 17.5 mm Height: 13.5mm
Material: FPM (fluoride rubber)",,RING OS,RING OS,,,,,,
FG,Valve Stem,999,35008,,999-00096,12.8x16.2,,RING OS,RING OS,,,,,,
FG,Valve Stem,999,35009,,999-00095,"Valve Stem: Ø 10 mm Inner
Diameter: 12.8 mm Outer
Diameter: 16.2 mm Height: 9.5mm
Material: FPM (fluoride rubber)",,RING OS,RING OS,,,,,,
FG,Oil Seal,999,35011,,999-00130,85x110x12/16,,IH,IH,,,,,,
FG,Valve Stem,999,35017,,999-00962,"Valve Stem: Ø 12 mm Inner
Diameter: 16 mm Outer
Diameter: 20 mm Height: 15 mm
Material: FPM (fluoride rubber)",,RING OS,RING OS,,,,,,
FG,Valve Stem,999,35018,,999-00980,"Valve Stem: Ø 9 mm Inner
Diameter: 12 mm Outer
Diameter: 15.4 mm Height: ¾11mm
Material: FPM (fluoride rubber",,RING OS,RING OS,,,,,,
FG,Valve Stem,999,35019,,999-00960,"Valve Stem: Ø 9 mm Inner
Diameter: 13.4 mm Outer
Diameter: 16.1 mm Height: 15.2mm
Material: FPM (fluoride rubber)",,RING OS,RING OS,,,,,,
FG,Valve Stem,999,35020,,999-00954,"Valve Stem: Ø 8 mm Inner
Diameter: 11.6 mm
Outer Diameter: 14.8 mm
Height: 10.9 mm
Material: FPM (fluoride rubber)",,RING OS,RING OS,,,,,,
FG,,999,35024,,999-01474,17X10/14.4X18,,IH,IH,,,,,,
FG,Valve Stem,999,35026,,999-01597,"Valve Stem: Ø10 mm Inner
Diameter: 13 mm Outer
Diameter: 17.5 mm Height: 10.8mm
Material: FPM (fluoride rubber)",,RING OS,RING OS,,,,,,
FG,Valve Stem,999,35027,,999-01488,"Valve Stem: Ø9 mm Inner
Diameter: 12.9 mm Outer
Diameter: 16 mm Height: 11.3mm
Material: FPM (fluoride rubber)",,RING OS,RING OS,,,,,,
FG,Valve Stem,999,35031,,999-00956,"Valve Stem: Ø 8 mm Inner
Diameter: 12 mm Outer
Diameter: 15.4 mm Height: 9.5mm
Material: FPM (fluoride rubber)",,RING OS,RING OS,,,,,,
FG,Oil Seal,999,35040,,999-01893,94x145x10,,IH,IH,,,,,,
FG,Oil Seal,999,35502,,999-00030,85X130X16.5,,IH,IH,,,,,,
FG,Oil Seal,999,36001,,999-01115,97.5x157x23,,MOULDED OS,MOULDED OS,Pc,,,,,
FG,Oil Seal,999,36002,,999-01025,117.5x158x17.8,,IH,IH,,,,,,
FG,Oil Seal,999,36004,,999-01102,OIL SEAL- NBR (Size:115x136.7x8/10.5),,IH,IH,Pc,,,,,
FG,Oil Seal,999,36053,,999-01046,128x165x2.5,,IH,IH,,,,,,
FG,Oil Seal,999,38007,,999-01700,53x75x7/9,,IH,IH,,,,,,
FG,,999,38801,,999-00975,125x150x15/13,,IH,IH,,,,,,
FG,Valve Stem,998,39501,,998-02757,15.8x8.5x9,,RING OS,RING OS,,,,,,
FG,Oil Seal,998,39502,,998-02758,OIL SEAL- PTFE(Size:154x186x11/20),,IH,IH,Pc,,,,,
FG,Oil Seal,998,39503,,998-02759,OIL SEAL- PTFE(Size:154x186x11/21,,IH,IH,Pc,,,,,
FG,Valve Stem,999,39904,,999-00574,"Valve Stem: Ø 10 mm Inner
Diameter: 13.6 mm Outer
Diameter: 18 mm Height: 10 mm
Material: FPM (fluoride rubber)",,RING OS,RING OS,,,,,,
FG,Valve Stem,999,39906,,999-00964,"Ǫuantity required: 6 Fitting
Position: Intake Side
Valve Stem: Ø 9 mm Inner
Diameter: 14.6 mm Outer
Diameter: 19 mm Height: 15 mm
Material: FPM (fluoride rubber)
/
Ǫuantity required: 6 Fitting
Position: Exhaust Side
Valve Stem: Ø 10 mm Inner
Diameter: 14.6 mm Outer
Diameter: 19 mm Height: 15 mm
Material: FPM (fluoride rubber)'",,RING OS,RING OS,,,,,,
FG,,899,40003,,899-00836,"O-RING KIT-FKM
FKM (Size:Id - 145.17,Height - 3.7 (Qty-2)
Id - 140.95,Height - 1.9 (Qty-2))",,IH,IH,Pc,,,,,
FG,O-Ring Kit,899,40004,,899-01419,"40004-ID-149.59, D-4.80, H-7-Qty2
40004A-ID-153.05, OD-162.70, T-0.17-Qty1",,IH,IH,Pc,,,,,
FG,O-Ring,899,40024,,899-01418,"ID 11, T3.0",,IH,IH,Pc,,,,,
FG,O-Ring,899,899-01998,,899-01998,Seal Ring-49X60X7,,IH,IH,,,,,,
FG,O-Ring,899,899-11393,,899-11393,Seal Ring-30x4.5,,IH,IH,,,,,,
FG,Oil Seal,925,925-01715,,925-01715,30X42X11,,,,,,,,,
FG,Oil Seal,925,925-02026,,925-02026,37x49.1x7,,MOULDED OS,MOULDED OS,,,,,,
FG,Oil Seal,925,925-00952,,925-00952,41x53.1x8,,MOULDED OS,MOULDED OS,,,,,,
FG,Oil Seal,925,925-00943,,925-00943,17x29x5,,MOULDED OS,MOULDED OS,,,,,,
FG,Oil Seals Kit,925,925-10637,,925-10637,"925-01548-925-01548-42x30x4.5-Qty1
925-01575-925-01575-28x19x05-Qty1
925-01630-925-01630-24x11.6x10-Qty1
925-01678-925-01678-24x13.7x5-Qty1
925-01853-925-01853-29x17x5-Qty1
925-01922-925-01922-25x6x6-Qty1
925-02021-925-02021-30x19x5-Qty1",,MOULDED OS,MOULDED OS,,,,,,
FG,Oil Seals Kit,925,925-10627,,925-10627,"925-01853-925-01853-29x17x5-Qty1
925-01630-925-01630-24x11.6x10-Qty1
925-01678-925-01678-24x13.7x5-Qty1
925-01922-925-01922-25x6x6-Qty1
925-02021-925-02021-30x19x5-Qty1",,MOULDED OS,MOULDED OS,,,,,,
FG,Oil Seals Kit,925,925-03058,,925-03058,"925-02032-925-02032-18.9x30x5-Qty1
825-02052-825-02052-6.07x1.78-Qty2
825-02139-825-02139-107x200-Qty1",,MOULDED OS,MOULDED OS,,,,,,
FG,O-Ring,899,40036,,899-00957,"ID: 153, OD: 163, W: 0.15 (METAL SHIM)",,MOULDED OS,MOULDED OS,,,,,,
FG,O-Ring,899,40037,,899-01128,O-RING-FKM (Size:20.9x26.9x3),,IH,IH,Pc,,,,,
FG,O-Ring,899,40038,,899-00991,O-RING KIT-Copper (Size:7x14.9x17.4),,IH,IH,Pc,,,,,
FG,O-Ring,999,40043,,999-08235,ID 255 T5,,IH,IH,Pc,,255 ±0.40,265 ±0.20,Height :5 ±0.10,
FG,O-Ring Kit,899,40054,,899-02071,"40054A-ID-141, H-2.4-Qty1
40054B-ID-143, H-5.8-Qty2
40054C-ID-143, H-5.8-Qty1",,IH,IH,Pc,,,,,
FG,,999,40059,,999-02024,98X112.4X7,,IH,IH,,,,,,
FG,O-Ring Kit,899,40056,,899-02067,"899-02782-899-02782-ID-35, H-2.4-Qty1
899-02782-899-02850-ID-35, H-1.6-Qty1
899-02782-899-02898-ID-34, H-3-Qty1
899-02782-899-02935-ID-31, H-2.4-Qty1",,IH,IH,,,,,,
FG,O-Ring,899,40115,,899-00585,"ID 147.4, OD 153.8, T 0.5 (METAL SHIM)",,MOULDED OS,MOULDED OS,,,,,,
FG,O-Ring,899,40151,,899-01694,"O-RING KIT-HNBR
FKM (Size:Id - 148, Height - 4 (Qty- 1)
Id - 143, Height - 2.5 (Qty- 1))",,IH,IH,Pc,,,,,
FG,O-Ring,899,40152,,899-01417,"40152A-ID- 129.50, OD- 137, HEIGHT-4(QTY-2)
40152B-ID - 124, OD- 129 HEIGHT- 10.80 (QTY-1)",,IH,IH,,,,,,
FG,,899,40153,,899-01692,"Id- 139.50, Od-147.50, Height - 4 (Qty-2)
Id- 136 Od- 141.20 Height- 10.8(Qty-1)",,IH,IH,,,,,,
FG,O-Ring Kit,899,40154,,899-01846,"ID - 3.35, OD- 142.50, HEIGHT- 149.20(QTY-1)
ID- 4, OD- 148.50, HEIGHT- 156.50(QTY-1)",,IH,IH,,,,,,
FG,O-Ring,899,40164,,899-01738,"O-RING KIT-FKM (Size:ID - 32
ID - 25
ID - 34)",,IH,IH,Pc,,,,,
FG,O-Ring Kit,899,40251,,899-00097,"O-RING KIT-HNBR
FKM (Size:Id - 146, Height - 5 (Qty- 2)
Id - 146, Height - 5 (Qty- 1))",,IH,IH,Pc,,,,,
FG,O-Ring,899,40301,,899-00569,O-RING KIT-FKM (Size:139.4x147.3x3.95),,IH,IH,Pc,,,,,
FG,O-Ring,899,40304,,899-01861,"40304A-ID - 132,HEIGHT - 2.4 (QTY-1)
40304B-NBR-ID - 128.5,HEIGHT - 5 (QTY-1)
40304C-FKM-ID - 128.5,HEIGHT - 5 (QTY-1)",,IH,IH,Pc,,,,,
FG,O-Ring,899,40401,,899-11824,"ID - 111.25,T: 2.65, HEIGHT 4- (QTY-1)",,IH,IH,,,,,,
FG,,998,50113,,998-01850,152.37x117.48x21.84,,IH,IH,,,,,,
FG,,998,50118,,998-04802,107.95x152.40x25.40,,IH,IH,,,,,,
FG,Oil Seal,595,9108-7501,595-08192,595-08192,POWER STEERING KIT - Premium - Yellow,,IH,IH,Pc,,,,,
FG,Oil Seal,945,107A,,945-05719,Oil Seal-NBR (Size:110x128x9),,IH,IH,Pc,,,,,
FG,Oil Seal,945,109R,,945-05750,170X135X15_R,,RING OS,RING OS,,,,,,
FG,Oil Seal,945,109A,,945-05720,170X135X15,,RING OS,RING OS,Pc,,,,,
FG,Oil Seal,945,109F,,945-05734,Oil Seal-NBR (Size:165x192x10),,RING OS,RING OS,Pc,,,,,
FG,Oil Seal,945,109G,,945-05740,140X114X10/12,,RING OS,RING OS,Pc,,,,,
FG,Oil Seal,945,110A,,945-05721,125x150x12,,RING OS,RING OS,Pc,,,,,
FG,Oil Seal,999,9001-0860,UOS-110,999-01132,28X40X8,,IH,IH,,,,,,
FG,Oil Seal,945,122B,,945-05688,80x58x13,,MOULDED OS,MOULDED OS,Pc,,,,,
FG,,995,1236A,,995-06344,Oil Seal-,,IH,IH,Pc,,,,,
FG,Oil Seal,995,1324,,995-07017,44.45x68.17x16/19.43,,IH,IH,,,,,,
FG,Oil Seal,945,1379,,945-05507,130x100x14.75,,MOULDED OS,MOULDED OS,,,,,,
FG,Oil Seal,945,1380,,945-05519,100x75x12.95,,IH,IH,,,,,,
FG,,945,190A,,945-05666,165x195x20-METAL OD,,IH,IH,,,,,,
FG,Hub Greasiing Kit,585,200A,,585-05815,"HUB GREASING KIT-NBR (Size:381_95x125X13 - 2 NOS
382_110x85x12 - 2 NOS
203_95x75x13 - 2 NOS
GASKET - 2 NOS
SPILT PIN - 2 NOS)",,IH,IH,Pc,,,,,
FG,Oil Seal,985,218A,,985-05913,125X95X12,,IH,IH,Pc,,,,,
FG,Oil Seal,985,218B,,985-05914,95X80X7,,MOULDED OS,MOULDED OS,,,,,,
FG,Oil Seal,985,218C,,985-05919,OIL SEAL-NBR (Size:110x133x13),,IH,IH,Pc,,,,,
FG,Oil Seal,945,218D,,945-05760,Oil Seal-NBR (Size:100x125x12),,MOULDED OS,MOULDED OS,Pc,,,,,
FG,Oil Seal,945,256A,,945-05583,Oil Seal-NBR (Size:125x140x10),,RING OS,RING OS,Pc,,,,,
FG,Oil Seal,945,276,,945-05360,100x120x13/18,,IH,IH,,,,,,
FG,Oil Seal,599,599-00545,,599-00545,Hub Seal Kit-,,IH,IH,,,,,,
FG,Repair Kit,599,599-00658,,599-00658,Repair Kit-12x25x8,,CHK,CHK,,,,,,
FG,Repair Kit,599,30003B,,599-00236,"999-00902-30001-145x175x12/13-Qty1
999-00885-30002-145x175x12/14-Qty1
999-08235-40043-255x5-Qty1",,IH,IH,Pc,,,,,
FG,,599,30003C,,599-08236,"REPAIR KIT-NBR
NBR (Size:30003-145x175x27
40043 : 255X5)",,IH,IH,Pc,,,,,
FG,,979,30045A,,979-06197,90x110x11,,IH,IH,,,,,,
FG,Oil Seal,999,30101A,,999-01899,125x148.3x8.1/9.3,,IH,IH,,,,,,
FG,Oil Seal,999,30101B,,999-01892,124.8x148.2x8.5/9.7,,IH,IH,,,,,,
FG,Oil Seal,999,30126A,,999-01984,140x164x15.5/18,,IH,IH,,,,,,
FG,Oil Seal,999,30136A,,999-01981,90x145x15,,IH,IH,Pc,,,,,
FG,,999,30331N,,999-00808,50x70x8,,IH,IH,,,,,,
FG,Oil Seal,945,316B,,945-05610,PINION OIL SEAL 85.5x150x18.5,,IH,IH,Pc,,,,,
FG,Oil Seal,945,318,,945-05597,Oil Seal-NBR (Size:139.71x69.78x19.5),,IH,IH,Pc,,,,,
FG,Oil Seal,945,334,,945-05588,47.62x38.1x4.76,,IH,IH,,,,,,
FG,Oil Seal,945,351,,945-05530,123X90X24,,RING OS,RING OS,,,,,,
FG,O-Ring Kit,899,40116,899-00590,899-00590,"40102B-ID-144.20, H-4-Qty2
40116A-ID-137.2, H-4.6-Qty1",,IH,IH,,,,,,
FG,Oil Seal,985,427A,,985-05878,OIL SEAL-NBR (Size:95X70X13),,IH,IH,Pc,,,,,
FG,Oil Seal,995,444,,995-01848,75X121X15 MR,,IH,IH,,,,,,
FG,,998,50102N,,998-11529,160.130X121.03X27.30,,IH,IH,Pc,,,,,
FG,,998,50103N,,998-08169,Oil Seal- (Size:121.03x160.48x28.75),,IH,IH,Pc,,,,,
FG,,998,50103S,50103,998-01802,121x160x28,,IH,IH,,,,,,
FG,,999,30238,,999-00565,66x90x12,,IH,IH,,,,,,
FG,,998,50106N,,998-11528,107.20X152.9X25.60,,IH,IH,,,,,,
FG,,998,50113N,,998-08168,117.6x152.4x25.4,,IH,IH,Pc,,,,,
FG,,998,50113S,,998-01849,Oil Seal(Size:118x152.4x27),,IH,IH,PC,,,,,
FG,,998,50118(S),,998-01852,Oil Seal (Size:107.95X152.40X25.40),,IH,IH,PC,,,,,
FG,Hub Greasiing Kit,945,541H,,945-05660,"Hub Greasing Kit-NBR (Size:541-Axle Seal - 2 NOS
Axle Nut - 1 NOS)",,IH,IH,Pc,,,,,
FG,Combi Seals,555,555-07851,,555-07851,80X46X16.5,,IH,IH,Pc,,,,,
FG,Repair Kit,599,599-00224,,599-00224,"30001-145x175x12/13-Qty1
30215-145x175/205x9/14-Qty1
40043-255x5-Qty1",,IH,IH,,,,,,
FG,Oil Seal,985,602,,985-06060,76X54X11.50,,IH,IH,,,,,,
FG,,,30709,,,121.3X160.42X28.57,,IH,IH,,,,,,
FG,Oil Seal,985,651,,985-06168,48x61x8,,IH,IH,,,,,,
FG,Oil Seal,985,651A,,985-06181,48X68X8,,RING OS,RING OS,,,,,,
FG,,985,737A,,985-11530,63.60X46.08X9.50,,IH,IH,,,,,,
FG,O-Ring,899,899-00567,,899-00567,,,IH,IH,,,,,,
FG,O-Ring,899,899-00837,,899-00837,,,IH,IH,,,,,,
FG,O-Ring,899,899-00838,,899-00838,,,IH,IH,,,,,,
FG,O-Ring Kit,899,899-01410,,899-01410,,,IH,IH,,,,,,
FG,O-Ring,899,899-01415,,899-01415,,,IH,IH,,,,,,
FG,O-Ring,899,899-01702,,899-01702,,,IH,IH,,,,,,
FG,O-Ring,899,899-01704,,899-01704,,,IH,IH,,,,,,
FG,O-Ring,899,899-01720,,899-01720,,,IH,IH,,,,,,
FG,O-Ring,899,899-01769,,899-01769,,,IH,IH,,,,,,
FG,O-Ring,899,899-01801,,899-01801,,,IH,IH,,,,,,
FG,O-Ring,899,9001-3173,,899-08309,"ID-134.45,T-3.8(QTY-2)",,IH,IH,,,,,,
FG,,995,9107-8014,,995-08275,70x100x13,,IH,IH,Pc,,,,,
FG,Oil Seal,995,9108-8013,,995-06348,75X95X13.50,,IH,IH,Pc,,,,,
FG,Power Steering Kits,595,9108-9901,595-01480,595-01480,POWER STEERING KIT - Eco - Green,,IH,IH,Pc,,,,,
FG,Oil Seal,945,110AB,,945-03700,125x150x12,,IH,IH,,,,,,
FG,Oil Seal,945,945-05382,,945-05382,SELECTOR SHAFT OIL SEAL S5/S6 GB35x24x7,,IH,IH,,,,,,
FG,Oil Seal,945,945-05589,,945-05589,King Pin Oil Seal - FA9953.6x43.3x4.7,,IH,IH,,,,,,
FG,Oil Seal,945,945-05617,,945-05617,Oil Seal Input Shaft Tata LPK 2516 TC 6X4 (95.3x76.3x14.5) 95.3x76.3x14.5,,IH,IH,,,,,,
FG,Oil Seal,945,945-05618,,945-05618,Oil Seal Through Shaft Tata LPK 2516 TC 6X4 (87.1x63.8x18) 87.1x63.8x18,,IH,IH,,,,,,
FG,Oil Seal,945,945-05638,,945-05638,Pinion Oil Seal Tata LPK 2516 TC 6X4 (125.3x76.3x16.5) 125.3x76.3x16.5,,IH,IH,,,,,,
FG,Oil Seal,945,945-05672,,945-05672,Oil Seal Main Bearing Tata Cummins 6BT Euro 2 and 3 (150x130x14.5) 150x130x14.5,,IH,IH,,,,,,
FG,Oil Seal,945,945-05732,,945-05732,Hub Oil Seal Tata 3118 Front (146.50x120x9.50/14) 146.50x120x9.50/14,,IH,IH,,,,,,
FG,Oil Seal,945,113,,945-05763,"Pinion Oil Seal TATA 2515, 1312 (TRIPLE LIP) (90x68x13) 68x90x13",,IH,IH,,,,,,
FG,Oil Seal,959,959-04075,,959-04075,160X127X15.5/17.5,,IH,IH,,,,,,
FG,,965,965-00136,,965-00136,46x70x13/23.5,,IH,IH,,,,,,
FG,,965,965-00829,,965-00829,60x84x8.5/17,,IH,IH,,,,,,
FG,,965,965-01626,,965-01626,50x72x10/17,,IH,IH,,,,,,
FG,,965,965-01827,,965-01827,45x75x14/16,,IH,IH,,,,,,
FG,,965,965-02943,,965-02943,92x112x16,,IH,IH,,,,,,
FG,,965,965-03086,,965-03086,170x200x15/16,,IH,IH,,,,,,
FG,Oil Seal,968,968-03665,,968-03665,,,IH,IH,,,,,,
FG,Oil Seal,968,968-03749,,968-03749,65X45X18.5,,IH,IH,,,,,,
FG,,968,968-03760,,968-03760,47x65x16.5,,IH,IH,,,,,,
FG,,968,968-03782,,968-03782,160X130X14.5/16,,IH,IH,,,,,,
FG,Oil Seal,968,968-03784,,968-03784,140x165x15,,IH,IH,,,,,,
FG,,969,969-02959,,969-02959,165X190X15.5,,IH,IH,Pc,,,,,
FG,,969,969-03051,,969-03051,28.58X39.7X9.53,,IH,IH,Pc,,,,,
FG,,969,969-03066,,969-03066,44.45X57.2X7.95,,IH,IH,,,,,,
FG,,969,969-03288,,969-03288,120x160x15/13,,IH,IH,,,,,,
FG,Oil Seal,969,969-03318,,969-03318,50x62x5/7,,IH,IH,,,,,,
FG,,969,969-08227,,969-08227,25.5X41.3X9.5,,IH,IH,,,,,,
FG,,969,969-08228,,969-08228,39X49.3X6.2,,IH,IH,,,,,,
FG,,969,969-08229,,969-08229,39X50.8X7.1,,IH,IH,,,,,,
FG,,969,969-08230,,969-08230,45X68X19,,IH,IH,,,,,,
FG,,969,969-08231,,969-08231,59.69X85.59X22.6,,IH,IH,,,,,,
FG,,969,969-08232,,969-08232,73.4X101.6X14.14,,IH,IH,,,,,,
FG,,969,969-08233,,969-08233,52.2X73.05X12.7,,IH,IH,,,,,,
FG,,969,969-08234,,969-08234,69.85X92.07X14.3,,IH,IH,,,,,,
FG,,977,977-00672,,977-00672,30x44x7,,IH,IH,,,,,,
FG,,977,977-00709,,977-00709,83x100x9,,IH,IH,,,,,,
FG,,977,977-07318,,977-07318,28x42x5,,IH,IH,,,,,,
FG,,979,979-00575,,979-00575,90x110x12,,IH,IH,,,,,,
FG,,979,979-00608,,979-00608,90x110x7,,IH,IH,,,,,,
FG,,979,979-05276,,979-05276,48x65x10,,IH,IH,,,,,,
FG,,979,979-05621,,979-05621,31.5x42x7,,IH,IH,,,,,,
FG,Oil Seal,979,979-05921,,979-05921,55x80x8,,IH,IH,,,,,,
FG,Oil Seal,979,979-06017,,979-06017,UOS-187-28X37X7,,IH,IH,,,,,,
FG,,979,979-06166,,979-06166,,,IH,IH,,,,,,
FG,,979,979-06574,,979-06574,75x95x10.5,,IH,IH,,,,,,
FG,Oil Seal,985,985-05854,,985-05854,OIL SEAL-NBR (Size:158.75x182.58x12.7),,IH,IH,Pc,,,,,
FG,Oil Seal,985,985-05856,,985-05856,102X46X10/16,,IH,IH,,,,,,
FG,Oil Seal,985,985-05934,,985-05934,72X40X6.8,,RING OS,RING OS,,,,,,
FG,Oil Seal,985,985-05935,,985-05935,64X50X8,,RING OS,RING OS,,,,,,
FG,Oil Seal,985,985-05947,,985-05947,HUB OIL SEAL REAR WHEEL BIG 117x76x8/10,,IH,IH,,,,,,
FG,Cassette Seal,995,995-00990,,995-00990,Rear Wheel AXLE (CASSETTE)-165X190X15.5/16.5,,IH,IH,Pc,,,,,
FG,Oil Seal,995,995-06306,,995-06306,CASSETE SEAL REAR WHEEL 101.6x73.25x15.24,,IH,IH,,,,,,
FG,Oil Seal,995,995-06340,,995-06340,CASSETTE SEAL FRONT WHEEL (45 HP ABOVE) 85x57.15x11/12,,IH,IH,,,,,,
FG,Oil Seal,995,995-06341,,995-06341,CASSETTE SEAL FRONT WHEEL(45HP BELOW) 72.2x 45x11,,IH,IH,,,,,,
FG,Oil Seal,995,995-06349,,995-06349,140X170X14/16,,IH,IH,,,,,,
FG,Oil Seal,995,995-06352,,995-06352,HUB OIL SEAL FRONT 120x100x13,,IH,IH,,,,,,
FG,Oil Seal,995,995-06359,,995-06359,HUB OIL SEAL RIGID AXLE FRONT & SEALING FLANGE 70x55x8,,IH,IH,,,,,,
FG,Oil Seal,995,995-06368,,995-06368,HUB OIL SEAL REAR AXLE 50x35x7,,IH,IH,,,,,,
FG,Oil Seal,995,995-06371,,995-06371,HUB OIL SEAL WHEEL RED. GEAR RUBBER OUTER 80x50x10,,IH,IH,,,,,,
FG,Oil Seal,995,995-06372,,995-06372,HUB OIL SEAL CLUTCH RETAINER / BEARING HUB 55.55x28.58x12.7,,IH,IH,,,,,,
FG,Oil Seal,995,995-06373,,995-06373,HUB OIL SEAL REAR AXLE SHAFT INNER 69.85x51.92x12.7,,IH,IH,,,,,,
FG,Oil Seal,995,995-06376,,995-06376,HUB OIL SEAL REAR WHEEL 47x24x10,,IH,IH,,,,,,
FG,Oil Seal,995,995-06377,,995-06377,"HUB OIL SEAL REAR AXLE INNER (MODEL 3511,5911) 72x50x10",,IH,IH,,,,,,
FG,Oil Seal,995,995-06378,,995-06378,HUB OIL SEAL REAR AXLE OUTER (MODEL 2511) 90x65x13,,IH,IH,,,,,,
FG,Oil Seal,995,995-06387,,995-06387,HUB OIL SEAL REAR AXLE RETAINER 62x45x9,,IH,IH,,,,,,
FG,Oil Seal,999,30315,,999-01750,44.45X58X7.5,,IH,IH,,,,,,
FG,Oil Seal,995,995-06402,,995-06402,HUB OIL SEAL REAR WHEEL NEW 100x80x12,,IH,IH,,,,,,
FG,Oil Seal,995,995-06404,,995-06404,HUB OIL SEAL STUB AXLE FRONT WHEEL 72.24x44.45x12.7/13.72,,IH,IH,,,,,,
FG,Oil Seal,995,995-06405,,995-06405,HUB OIL SEAL FRONT AXLE 75.5x50x12.65,,IH,IH,,,,,,
FG,Oil Seal,995,995-06408,,995-06408,HUB OIL SEAL REAR AXLE ASSY. 69.85x53.34x12.7,,IH,IH,,,,,,
FG,Oil Seal,995,995-06409,,995-06409,HUB OIL SEAL REAR AXLE SHAFT 98.44x79.38x12.7,,IH,IH,,,,,,
FG,Oil Seal,995,995-06414,,995-06414,HUB OIL SEAL FRONT WHEEL 85x70x8,,IH,IH,,,,,,
FG,Oil Seal,995,995-06415,,995-06415,HUB OIL SEAL REAR AXLE HOUSING 82.55x60.33x11.68,,IH,IH,,,,,,
FG,Oil Seal,995,995-06416,,995-06416,"HUB OIL SEAL REAR AXLE OUTER (MODEL 3511,5911) 100x80x13",,IH,IH,,,,,,
FG,Oil Seal,995,995-06420,,995-06420,HUB OIL SEAL REAR AXLE PINION 62x45x10,,IH,IH,,,,,,
FG,Oil Seal,995,995-06434,,995-06434,HUB OIL SEAL FRONT AXLE 68.25x39.67 x9.53,,IH,IH,,,,,,
FG,Oil Seal,995,995-06438,,995-06438,HUB OIL SEAL REAR WHEEL N/M 105x76x9/14,,IH,IH,,,,,,
FG,Valve Stem,995,995-07251,,995-07251,Valve Stem Seal 12x8x9.5,,IH,IH,,,,,,
FG,Oil Seal,995,995-08221,,995-08221,OIL SEAL TIMING CASE FRONT COVER FKM-57x76x9/11,,IH,IH,,,,,,
FG,Oil Seal,995,995-08222,,995-08222,ASSY CRANKSHAFT REAR END OILSEAL (INTEGRATED) RUBBER FKM-133.30X 158.70/206X10.50/13,,IH,IH,,,,,,
FG,Oil Seal,995,995-08223,,995-08223,Cramkshaft Rear End PTFE INTEGRATED/Cassette type oil seal -133X158.70/206X17/23,,IH,IH,,,,,,
FG,Oil Seal,995,995-08300,,995-08300,Oil Seals- New Holland (Size 30x42x14),,IH,IH,,,,,,
FG,Oil Seal,995,995-08301,,995-08301,30x44x14,,IH,IH,,,,,,
FG,Combi Seals,995,995-08302,,995-08302,47x65x16.5,,IH,IH,,,,,,
FG,Combi Seals,995,995-08303,,995-08303,Shaft Seal -(Size 47X65X19),,IH,IH,,,,,,
FG,Oil Seal,995,995-08304,,995-08304,45x60x16/17,,IH,IH,,,,,,
FG,Oil Seal,995,995-08305,,995-08305,32x50x14,,IH,IH,,,,,,
FG,,995,995-08306,,995-08306,Combi Seal (Size :30X42X14),,IH,IH,PC,,,,,
FG,Oil Seal,996,996-02505,,996-02505,48x65x7,,IH,IH,,,,,,
FG,,998,998-01470,,998-01470,110x145x10/12,,IH,IH,,,,,,
FG,Oil Seal,998,30701,,998-04234,114.3x146.2x24.3,,IH,IH,,,,,,
FG,,998,998-08161,,998-08161,107.9x158.9x30.1,,IH,IH,,,,,,
FG,,998,998-08310,,998-08310,121x160.4x28.5,,IH,IH,,,,,,
FG,,998,998-08311,,998-08311,152.4x171.6x11.1,,IH,IH,,,,,,
FG,,998,998-08312,,998-08312,82.5X101.6X12,,IH,IH,,,,,,
FG,Oil Seal,999,999-00113,,999-00113,,,IH,IH,,,,,,
FG,Oil Seal,999,999-00127,,999-00127,,,IH,IH,,,,,,
FG,Oil Seal,999,999-00223,,999-00223,,,IH,IH,,,,,,
FG,,999,999-00257,,999-00257,180x200x12,,IH,IH,,,,,,
FG,Oil Seal,999,999-00260,,999-00260,,,IH,IH,,,,,,
FG,,999,999-00278,,999-00278,85x110x9/13,,IH,IH,,,,,,
FG,Oil Seal,999,999-00279,,999-00279,65x90x13/14.5,,IH,IH,,,,,,
FG,Oil Seal,999,999-00290,,999-00290,65x100x14,,IH,IH,,,,,,
FG,Oil Seal,999,999-00307,,999-00307,90x130x14,,IH,IH,,,,,,
FG,,999,999-00342,,999-00342,78x100x10,,IH,IH,,,,,,
FG,Oil Seal,999,999-00419,,999-00419,Oil Seal 68x90x10,,IH,IH,,,,,,
FG,,999,999-00491,,999-00491,25x35x7/10,,IH,IH,,,,,,
FG,,999,"999-00531
999-00539",,"999-00531
999-00539",132X172X12,,IH,IH,,,,,,
FG,Oil Seal,999,30423,,999-00665,,,IH,IH,,,,,,
FG,,999,999-00730,,999-00730,36x50x7,,IH,IH,,,,,,
FG,,999,999-00742,,999-00742,85x150/169x12/31.5,,IH,IH,,,,,,
FG,Oil Seal,999,999-00795,,999-00795,Oil Seal 68x90x10,,IH,IH,,,,,,
FG,,999,999-00807,,999-00807,50x70x10/14,,IH,IH,,,,,,
FG,,999,999-00813,,999-00813,84x87x4,,IH,IH,,,,,,
FG,Oil Seal,999,999-00877,,999-00877,,,IH,IH,,,,,,
FG,Oil Seal,999,999-00895,,999-00895,,,IH,IH,,,,,,
FG,Oil Seal,999,999-00928,,999-00928,,,IH,IH,,,,,,
FG,Oil Seal,999,999-00929,,999-00929,,,IH,IH,,,,,,
FG,Oil Seal,999,999-01054,,999-01054,OIL SEAL ACTORS-120X150X14.3/20,,IH,IH,,,,,,
FG,,999,999-01087,,999-01087,115x140x13,,IH,IH,,,,,,
FG,,999,999-011131,,999-011131,68x90x10,,IH,IH,,,,,,
FG,Oil Seal,999,999-01131,,999-01131,68x90x10,,IH,IH,,,,,,
FG,,999,999-01164,,999-01164,117.5x158x12.5,,IH,IH,,,,,,
FG,,999,999-01168,,999-01168,120x150x15/20.8 (Half Rubber),,IH,IH,,,,,,
FG,Oil Seal,999,999-01174,,999-01174,117x158x15,,IH,IH,,,,,,
FG,Oil Seal,999,999-01175,,999-01175,TRANSMISSION OIL SEAL ACT. 95x115x13,,IH,IH,,,,,,
FG,Oil Seal,999,999-01211,,999-01211,,,IH,IH,,,,,,
FG,Oil Seal,999,999-01374,,999-01374,70x81.5x6,,IH,IH,,,,,,
FG,,999,999-01598,,999-01598,85x130x17/27,,IH,IH,,,,,,
FG,,999,999-01663,,999-01663,24x32x7,,IH,IH,,,,,,
FG,,999,999-01676,,999-01676,,,IH,IH,,,,,,
FG,Oil Seal,999,999-01687,,999-01687,160x180x15,,IH,IH,,,,,,
FG,,999,999-01711,,999-01711,155x185x13,,IH,IH,,,,,,
FG,Oil Seal,999,999-01718,,999-01718,142x170x15/16,,IH,IH,,,,,,
FG,Oil Seal,999,999-01749,,999-01749,,,IH,IH,,,,,,
FG,Oil Seal,999,30333,,999-01753,,,IH,IH,,,,,,
FG,Valve Stem,999,999-01857,,999-01857,14.2X8/10.8X9,,RING OS,RING OS,,,,,,
FG,Oil Seal,999,999-01885,,999-01885,,,IH,IH,,,,,,
FG,,999,999-01888,,999-01888,62.5x53.6x15,,IH,IH,,,,,,
FG,,999,999-01897,,999-01897,120x150x15,,IH,IH,,,,,,
FG,Oil Seal,999,999-01908,,999-01908,,,IH,IH,,,,,,
FG,Oil Seal,999,30138,,999-01993,110x140x12/21,,IH,IH,,,,,,
FG,Oil Seal,999,999-02029,,999-02029,,,IH,IH,,,,,,
FG,Oil Seal,999,30133,,999-02057,,,IH,IH,,,,,,
FG,,999,999-02338,,999-02338,16.7x22.4x1.5,,IH,IH,,,,,,
FG,,999,999-02369,,999-02369,16.7x24x1.5,,IH,IH,,,,,,
FG,,999,999-02389,,999-02389,95x115x13/12,,IH,IH,,,,,,
FG,,999,999-03074,,999-03074,51x66x11,,IH,IH,,,,,,
FG,,999,999-03237,,999-03237,116x151x11,,IH,IH,,,,,,
FG,,999,999-03634,,999-03634,25x38/49x10.5/15,,IH,IH,,,,,,
FG,,999,999-03989,,999-03989,18.5x25.9x2.5,,IH,IH,,,,,,
FG,O-Ring,999,999-04319,,999-04319,ID-216 mm Thickness-2.50,,IH,IH,,,,,,
FG,,999,999-04360,,999-04360,16.7x24x1.5,,IH,IH,,,,,,
FG,,,CP422.3114.192,,CP422.3114.192,55x65x11,,IH,IH,,,,,,
FG,,999,999-02346,,999-02346,OIL SEAL-NBR (Size:85x105x13),,IH,IH,Pc,,,,,
FG,Oil Seal,555,798,,555-07855,45x65x18.5,,IH,IH,,,,,,
FG,Power Steering Kits,595,595-12045,,595-12045,"895-02936-895-02936-ID-46.8, T-3.55-Qty1
895-02939-895-02939-ID-53.28, T-3.10-Qty1
PU-ID54.18,OD-60.48, H-4-Qty1
PU-ID-27.25, W-7.88, H-2.45-Qty1
995-03076-995-03076-30x42x6/9-Qty1",,IH,IH,,,,,,
FG,Oil Seal,898,898-23545,,898-23545,(CASSETTE) - 75x95x13.5,,IH,IH,,,,,,
FG,O-Ring,899,40451,,899-12037,"40451A-ID - 117.42,HEIGHT 3.5- (QTY-1)
40451B-ID - 117.62,HEIGHT 7.5 - (QTY-1)",,IH,IH,,,,,,
FG,Oil Seal,945,109AB,,945-00248,170X135X15_MERITOR TYPE,,IH,IH,,,,,,
FG,Oil Seal,945,528,,945-05644,130.6x97.6x5/8.8,,IH,IH,,,,,,
FG,Oil Seal,945,526,,945-05653,112x87.8x5/7.4,,IH,IH,,,,,,
FG,Oil Seal,945,110,,945-05754 ,150x125x12,,IH,IH,,,,,,
FG,Oil Seal,985,545,,985-12051,60X82X7,,IH,IH,,,,,,
FG,Oil Seal,985,665,,985-06194,49x35x8,,MOULDED OS,MOULDED OS,,,,,,
FG,Oil Seal,999,999-12022,,999-12022,111.12X152.4X12.7,,RING OS,RING OS,,,,,,
FG,Oil Seal,965,965-11534,,965-11534,35.75x68.44x26.42,,IH,IH,,,,,,
FG,Oil Seal,985,382E,,985-11823,110x85x12 (DOUBLE SPRING),,IH,IH,,,,,,
FG,Oil Seal,985,642A,,985-12075,79.4X63X8,,IH,IH,,,,,,
FG,Repair Kit,995,197,,995-00489,"985-06168-651-48x61x8-Qty2
985-06174-652-48x65x10-Qty2
985-06176-653-42x62x12-Qty2
AXLE GASKET-Qty2",,AXLE GASKET OS,AXLE GASKET OS,,,,,,
FG,Oil Seal,795,795-12021,,795-12021,85.75X90X6.9,,MOULDED OS,MOULDED OS,,,,,,
FG,Oil Seal,998,30702,,998-04553,121x160.4x28.5,,IH,IH,,,,,,
FG,Oil Seal,998,30706,,998-04645,107.9x158.9x30.1,,IH,IH,,,,,,
FG,Oil Seal,998,30703,,998-11527,152.4x171.6x11.1,,IH,IH,,,,,,
FG,Oil Seal,945,142,,945-05672,130x150x14.5,,IH,IH,,,,,,
FG,Oil Seal,945,284,,945-05470,88.9x114.3x12.7-350x450x16/50,,IH,IH,,,,,,
FG,Oil Seal,945,312,,945-05382,25x35x7,,IH,IH,,,,,,
FG,Oil Seal,945,335,,945-05589,43.3x53.6x4.7,,IH,IH,,,,,,
FG,Oil Seal,985,377,,985-05856,46x102x10/16,,IH,IH,,,,,,
FG,Oil Seal,985,803,,985-05935,64X50X8,,IH,IH,,,,,,
FG,Oil Seal,,816,,816,40x81x13,,IH,IH,,,,,,
FG,Oil Seal,995,1006,,995-06352,100x120x13,,IH,IH,,,,,,
FG,Oil Seal,995,1024,,995-06359,55x70x8,,IH,IH,,,,,,
FG,Oil Seal,995,1031,,995-06404,44.45x72.24x12.7/13.72,,IH,IH,,,,,,
FG,Oil Seal,995,1056,,995-06368,35x50x7,,IH,IH,,,,,,
FG,Oil Seal,995,1072,,995-06371,50x80x10,,IH,IH,,,,,,
FG,Oil Seal,995,1078,,995-06405,50x75.5x12.65,,IH,IH,,,,,,
FG,Oil Seal,995,1083,,995-06408,53.34x69.85x12.7,,IH,IH,,,,,,
FG,Oil Seal,995,1093,,995-06372,28.58x55.55x12.7,,IH,IH,,,,,,
FG,Oil Seal,995,1102,,995-06409,79.38x98.44x12.7,,IH,IH,,,,,,
FG,Oil Seal,995,1103,,995-06373,51.92x69.85x12.7,,IH,IH,,,,,,
FG,Oil Seal,995,1115,,995-06414,70x85x8,,IH,IH,,,,,,
FG,Oil Seal,995,1122,,995-06415,60.33x82.55x11.68,,IH,IH,,,,,,
FG,Oil Seal,995,1125,,995-06376,24x47x10,,IH,IH,,,,,,
FG,Oil Seal,995,1145,,995-06377,50x72x10,,IH,IH,,,,,,
FG,Oil Seal,995,1147,,995-06378,65x90x13,,IH,IH,,,,,,
FG,Oil Seal,995,1148,,995-06416,80x100x13,,IH,IH,,,,,,
FG,Oil Seal,995,1169,,995-06306,73.25x101.6x15.24,,IH,IH,,,,,,
FG,Oil Seal,995,1360,,995-06438,76x105x9/14,,IH,IH,,,,,,
FG,Oil Seal,985,1361,,985-05947,76x117x8/10,,IH,IH,,,,,,
FG,Oil Seal,999,30022,,999-00929,,,IH,IH,,,,,,
FG,Oil Seal,999,30083,,999-00877,,,IH,IH,,,,,,
FG,Oil Seal,999,30098,,999-00928,,,IH,IH,,,,,,
FG,Oil Seal,999,30103,,999-01908,,,IH,IH,,,,,,
FG,Oil Seal,999,30142,,999-01885,,,IH,IH,,,,,,
FG,Oil Seal,999,30327,,999-01749,,,IH,IH,,,,,,
FG,Oil Seal,968,30330,,968-03665,,,IH,IH,,,,,,
FG,Oil Seal,999,30415,,999-00127,,,IH,IH,,,,,,
FG,Oil Seal,999,30417,,999-00113,,,IH,IH,,,,,,
FG,Oil Seal,999,30454,,999-00260,,,IH,IH,,,,,,
FG,Oil Seal,999,30505,,999-01900,57.5x90/99x13,,IH,IH,,,,,,
FG,O-Ring Kit,899,40002,,899-01410,"ID-144.39, H-6-Qty2
ID-145.5, W-4.5, T-0.15-Qty1",,IH,IH,,,,,,
FG,O-Ring,899,40021,,899-00837,,,IH,IH,,,,,,
FG,O-Ring,899,40022,,899-00838,,,IH,IH,,,,,,
FG,O-Ring,899,40023,,899-01415,,,IH,IH,,,,,,
FG,O-Ring,899,40112,,899-00567,,,IH,IH,,,,,,
FG,O-Ring,899,40157,,899-01702,,,IH,IH,,,,,,
FG,O-Ring,899,40158,,899-01720,,,IH,IH,,,,,,
FG,O-Ring,899,40159,,899-01704,,,IH,IH,,,,,,
FG,O-Ring,899,40160,,899-01801,,,IH,IH,,,,,,
FG,O-Ring,899,40161,,899-01769,,,IH,IH,,,,,,
FG,Oil Seal,945,109D,,945-05732,120x146.50x9.50/14,,IH,IH,,,,,,
FG,Valve Stem,995,1164,,995-07251,8x12x9.5,,IH,IH,,,,,,
FG,Oil Seal,999,30233,,999-00903,75x95x13,,IH,IH,,,,,,
FG,Oil Seal,945,356B,,945-05638,76.3x125.3x16.5,,IH,IH,,,,,,
FG,Gasket,499,499-10440,,499-10440,72X92X13,,IH,IH,,,,,,
FG,Gasket,499,499-10822,,499-10822,RMK of gearbox gaskets 16S151/221,,IH,IH,,,,,,
FG,Gasket,499,499-10823,,499-10823,SC P/R-Series DC9/11/13/16 Heat Exchanger Gasket Kit 31233,,IH,IH,,,,,,
FG,Gasket,499,499-10824,,499-10824,Gearbox Gasket Set + Oil Seals GR895905925,,IH,IH,,,,,,
FG,Gasket,499,499-10825,,499-10825,Differential lock diaphragm,,IH,IH,,,,,,
FG,Gasket,499,499-10826,,499-10826,ZF Gearbox Gasket Set 1325298009,,IH,IH,,,,,,
FG,Gasket,499,499-10827,,499-10827,Exhaust manifold gasket,,IH,IH,,,,,,
FG,Gasket,499,499-10828,,499-10828,Heat exchanger gasket with rings Scania DC9/11/13/16,,IH,IH,,,,,,
FG,Gasket,499,499-10829,,499-10829,853.5XX9.5,,IH,IH,,,,,,
FG,Gasket,499,499-10830,,499-10830,Scania 4/P/G/R/T ​​series engine cover gasket,,IH,IH,,,,,,
FG,Gasket,499,499-10831,,499-10831,ZF gearbox gasket set,,IH,IH,,,,,,
FG,Gasket,499,499-10832,,499-10832,Gearbox gasket set GR875-GRSO925/R Scania P/G/R/T ​​series,,IH,IH,,,,,,
FG,Gasket,499,499-10833,,499-10833,SC P/R-Series DC9/11/13/16 Oil Filter Housing Gasket Set 7096004,,IH,IH,,,,,,
FG,Gasket,499,499-10834,,499-10834,460XX235,,IH,IH,,,,,,
FG,Gasket,499,499-10835,,499-10835,Volvo FH/FM D13A Engine Side Cover Gasket,,IH,IH,,,,,,
FG,Gasket,499,499-10836,,499-10836,RMK gearbox gaskets GRS875GRS895GRS905GRS925 Scania,,IH,IH,,,,,,
FG,Gasket,499,499-10837,,499-10837,"AS-Tronic ZF gearbox control unit repair kit (gasket, seals, bolts)",,IH,IH,,,,,,
FG,Gasket,499,499-10838,,499-10838,Gearbox gasket,,IH,IH,,,,,,
FG,Gasket,499,499-10839,,499-10839,Steering column RMC,,IH,IH,,,,,,
FG,Gasket,499,499-10840,,499-10840,Gearbox gasket,,IH,IH,,,,,,
FG,Gasket,499,499-10841,,499-10841,Rear cover gasket MAN 51.01903-0252 DVS D256628662876,,IH,IH,,,,,,
FG,Gasket,499,499-10842,,499-10842,Rear cover gasket MB A 457 015 01 80,,IH,IH,,,,,,
FG,Gasket,499,499-10843,,499-10843,Gearbox gasket GR875-GRSO905/R Scania P/G/R/T ​​series,,IH,IH,,,,,,
FG,Gasket,499,499-10844,,499-10844,Set of metal gaskets for the timing gear cover MB OM501,,IH,IH,,,,,,
FG,Gasket,499,499-10845,,499-10845,Cylinder head seal,,IH,IH,,,,,,
FG,Gasket,499,499-10846,,499-10846,"SCANIA Crankcase Gasket, 1729835",,IH,IH,,,,,,
FG,Gasket,499,499-10847,,499-10847,AS TRONIC 12AS/16AS gearbox gasket set,,IH,IH,,,,,,
FG,Gasket,499,499-10848,,499-10848,MB fuel line gasket,,IH,IH,,,,,,
FG,Gasket,499,499-10849,,499-10849,Heat exchanger gasket MAN D2865/2876 + MAZ-MAN,,IH,IH,,,,,,
FG,Gasket,499,499-10850,,499-10850,Compressor gasket,,IH,IH,,,,,,
FG,Gasket,499,499-10851,,499-10851,MB Actros oil separator housing gasket,,IH,IH,,,,,,
FG,Gasket,499,499-10852,,499-10852,Gearbox gasket GR875-GRSO925 Scania P/G/R/T ​​series,,IH,IH,,,,,,
FG,Gasket,499,499-10853,,499-10853,Gearbox gasket VL AT 2412,,IH,IH,,,,,,
FG,Gasket,499,499-10854,,499-10854,Engine rear cover gasket F3AE/BE Cursor 10 EuroStar/Trakker/Stralis,,IH,IH,,,,,,
FG,Gasket,499,499-10855,,499-10855,Oil cooler gasket OM501/502 MB Actros,,IH,IH,,,,,,
FG,Gasket,499,499-10856,,499-10856,Gearbox modulator gasket,,IH,IH,,,,,,
FG,Gasket,499,499-10857,,499-10857,Oil separator gasket kit for DAF CF85IV/XF95/105,,IH,IH,,,,,,
FG,Gasket,499,499-10858,,499-10858,Retarder gasket,,IH,IH,,,,,,
FG,Gasket,499,499-10859,,499-10859,The gasket has been replaced with 2755103,,IH,IH,,,,,,
FG,Gasket,499,499-10860,,499-10860,FH12 fuel pump gasket,,IH,IH,,,,,,
FG,Gasket,499,499-10861,,499-10861,Power steering pump gasket Scania 4/P/G/R/T ​​series,,IH,IH,,,,,,
FG,Gasket,499,499-10862,,499-10862,47.6X52X1.5,,IH,IH,,,,,,
FG,Gasket,499,499-10863,,499-10863,"Oil filter cover gasket \ VOLVO D13A, RVI MAGNUM",,IH,IH,,,,,,
FG,Gasket,499,499-10864,,499-10864,Fuel Rail Gasket ((2 rings) 5/6x min5),,IH,IH,,,,,,
FG,Gasket,499,499-10865,,499-10865,Washer,,IH,IH,,,,,,
FG,Gasket,499,499-10866,,499-10866,48.5x53x0.7,,IH,IH,,,,,,
FG,Gasket,499,499-10867,,499-10867,Oil filter housing gasket DSC/DC/DT9/11/12 Scania 4/P/G/R/T ​​series,,IH,IH,,,,,,
FG,Gasket,499,499-10868,,499-10868,Engine gasket DC9/11/12/DT12 Scania 4/P/G/R/T ​​series,,IH,IH,,,,,,
FG,Gasket,499,499-10869,,499-10869,162X172,,IH,IH,,,,,,
FG,Gasket,499,499-10870,,499-10870,80X100X13,,IH,IH,,,,,,
FG,Gasket,499,499-10871,,499-10871,265XX5,,IH,IH,,,,,,
FG,Gasket,499,499-10872,,499-10872,Oil pan gasket,,IH,IH,,,,,,
FG,Gasket,499,499-10873,,499-10873,Front Engine Cover Gasket D2066 MAN TGA/TGS/TGX,,IH,IH,,,,,,
FG,Gasket,499,499-10874,,499-10874,Engine Cover Gasket D2876LF02-07/11/12/13/25/LOH20/21 MAN E/F2000/TGA/Neoplan,,IH,IH,,,,,,
FG,Gasket,499,499-10875,,499-10875,Block cover gasket (rubber) FH12 D12A/D/RVI Magnum DXI,,IH,IH,,,,,,
FG,Gasket,499,499-10876,,499-10876,Oil cooler gasket,,IH,IH,,,,,,
FG,Gasket,499,499-10877,,499-10877,ZF gearbox gasket,,IH,IH,,,,,,
FG,Gasket,499,499-10878,,499-10878,"Retarder gasket Scania GR875R, GRS895R, GR/GRS/GRSO905R, GRSO925R",,IH,IH,,,,,,
FG,Gasket,499,499-10879,,499-10879,Steering gear housing seal,,IH,IH,,,,,,
FG,Gasket,499,499-10880,,499-10880,Gearbox boot cuff,,IH,IH,,,,,,
FG,Gasket,499,499-10881,,499-10881,"Engine cover gasket, front. OM501/502 MB Actros",,IH,IH,,,,,,
FG,Gasket,499,499-10882,,499-10882,Gearbox rear cover gasket MAN/DAF/RVI/IVE,,IH,IH,,,,,,
FG,Gasket,499,499-10884,,499-10884,Sealant,,IH,IH,,,,,,
FG,Gasket,499,499-10885,,499-10885,Front engine cover gasket,,IH,IH,,,,,,
FG,Gasket,499,499-10886,,499-10886,Gearbox selector bracket,,IH,IH,,,,,,
FG,Gasket,499,499-10887,,499-10887,Oil Module Gasket D2066LF MAN TGA/TGS/TGX,,IH,IH,,,,,,
FG,Gasket,499,499-10888,,499-10888,450.7XX211.8,,IH,IH,,,,,,
FG,Gasket,499,499-10889,,499-10889,Volvo gearbox gasket,,IH,IH,,,,,,
FG,Gasket,499,499-10890,,499-10890,Radiator gasket,,IH,IH,,,,,,
FG,Gasket,499,499-10891,,499-10891,Plastic Cabin Filter Gasket F3BE Cursor 10 Iveco EuroTech/Star/Stralis,,IH,IH,,,,,,
FG,Gasket,499,499-10892,,499-10892,Oil pan gasket,,IH,IH,,,,,,
FG,Gasket,499,499-10893,,499-10893,Gearbox gasket,,IH,IH,,,,,,
FG,Gasket,499,499-10894,,499-10894,Gearbox housing gasket ZF 16S 181,,IH,IH,,,,,,
FG,Gasket,499,499-10895,,499-10895,Oil separator filter gasket F2B/F3B Cursor 8/10 Iveco EuroTech/Trakker/Stralis,,IH,IH,,,,,,
FG,Gasket,499,499-10896,,499-10896,Gearbox gasket set 6S150/16S109,,IH,IH,,,,,,
FG,Gasket,499,499-10897,,499-10897,Volvo water pump seal,,IH,IH,,,,,,
FG,Gasket,499,499-10899,,499-10899,"Flanged pipe gasket OM 470 LA, OM 471 LA, OM 472 LA, OM 473 LA",,IH,IH,,,,,,
FG,Gasket,499,499-10900,,499-10900,Crankcase cover seal,,IH,IH,,,,,,
FG,Gasket,499,499-10901,,499-10901,Oil cooler gasket,,IH,IH,,,,,,
FG,Gasket,499,499-10902,,499-10902,Scania DC11/12/DT12/DSC12 front engine cover gasket,,IH,IH,,,,,,
FG,Gasket,499,499-10903,,499-10903,Gearbox gasket GR 875-GRSO 925 Opticruise Scania P/G/R/T,,IH,IH,,,,,,
FG,Gasket,499,499-10904,,499-10904,Turbine gasket,,IH,IH,,,,,,
FG,Gasket,499,499-10905,,499-10905,Steering gear housing gasket,,IH,IH,,,,,,
FG,Gasket,499,499-10906,,499-10906,Gearbox synchronizer ring,,IH,IH,,,,,,
FG,Gasket,499,499-10907,,499-10907,Valve cover gasket DC11/12/16 DSC12 DT12 Scania,,IH,IH,,,,,,
FG,Gasket,499,499-10908,,499-10908,MAN Coolant Pump Gasket,,IH,IH,,,,,,
FG,Gasket,499,499-10909,,499-10909,DAF fuel pump sealing ring,,IH,IH,,,,,,
FG,Gasket,499,499-10910,,499-10910,Oil cooler gasket set DC9/11/DC-DT12 Scania P/R/T series,,IH,IH,,,,,,
FG,Gasket,499,499-10911,,499-10911,Valve cover gasket,,IH,IH,,,,,,
FG,Gasket,499,499-10912,,499-10912,Gearbox gaskets,,IH,IH,,,,,,
FG,Gasket,499,499-10913,,499-10913,Metal gearbox intermediate plate. MAN/DAF/RVI/Iveco/Kamaz ZF16S-151,,IH,IH,,,,,,
FG,Gasket,499,499-10914,,499-10914,MB differential lock cover gasket,,IH,IH,,,,,,
FG,Gasket,499,499-10915,,499-10915,MB/MAN front oil scraper ring,,IH,IH,,,,,,
FG,Gasket,499,499-10916,,499-10916,Scania gearbox gasket,,IH,IH,,,,,,
FG,Gasket,499,499-10917,,499-10917,Gearbox cover gasket K-KT front. ZF 1324298025,,IH,IH,,,,,,
FG,Gasket,499,499-10918,,499-10918,Front gearbox cover gasket,,IH,IH,,,,,,
FG,Gasket,499,499-10919,,499-10919,Oil separator gasket,,IH,IH,,,,,,
FG,Gasket,499,499-10920,,499-10920,Pad,,IH,IH,,,,,,
FG,Gasket,499,499-10921,,499-10921,Gearbox gasket,,IH,IH,,,,,,
FG,Gasket,499,499-10922,,499-10922,Primary shaft cover gasket 16S151/221,,IH,IH,,,,,,
FG,Gasket,499,499-10923,,499-10923,RVI Magnum DXI12/Volvo FH/FM Flange Gasket,,IH,IH,,,,,,
FG,Gasket,499,499-10924,,499-10924,Volvo gearbox gasket,,IH,IH,,,,,,
FG,Gasket,499,499-10925,,499-10925,Gearbox gasket,,IH,IH,,,,,,
FG,Gasket,499,499-10926,,499-10926,Oil filter gasket,,IH,IH,,,,,,
FG,Gasket,499,499-10927,,499-10927,ZF AS TRONIC gearbox gasket,,IH,IH,,,,,,
FG,Gasket,499,499-10928,,499-10928,Iveco/Cummins oil radiator gasket,,IH,IH,,,,,,
FG,Gasket,499,499-10929,,499-10929,Iveco EuroTech/Star/Stralis oil separator cover gasket,,IH,IH,,,,,,
FG,Gasket,499,499-10930,,499-10930,Gearbox gasket,,IH,IH,,,,,,
FG,Gasket,499,499-10931,,499-10931,Volvo FH/FM/RVI Magnum DXI Oil Filter Housing Gasket,,IH,IH,,,,,,
FG,Gasket,499,499-10932,,499-10932,RMK gearbox Scania GR/GRS890/900/R,,IH,IH,,,,,,
FG,Gasket,499,499-10933,,499-10933,Gearbox gasket,,IH,IH,,,,,,
FG,Gasket,499,499-10934,,499-10934,45X72X1,,IH,IH,,,,,,
FG,Gasket,499,499-10935,,499-10935,Fuel filter housing gasket,,IH,IH,,,,,,
FG,Gasket,499,499-10936,,499-10936,Gearbox gasket,,IH,IH,,,,,,
FG,Gasket,499,499-10937,,499-10937,Fuel pump gasket,,IH,IH,,,,,,
FG,Gasket,499,499-10938,,499-10938,ZF gearbox housing gasket,,IH,IH,,,,,,
FG,Gasket,499,499-10939,,499-10939,Gearbox gasket,,IH,IH,,,,,,
FG,Gasket,499,499-10940,,499-10940,Coolant pump gasket DC9/13 Scania P/G/R/T ​​series,,IH,IH,,,,,,
FG,Spacers,499,499-10941,,499-10941,101/105X153X34,,IH,IH,,,,,,
FG,Gasket,499,499-10942,,499-10942,Sealing ring 60x69.5x6.25,,IH,IH,,,,,,
FG,Gasket,499,499-10943,,499-10943,41X51X7,,IH,IH,,,,,,
FG,Gasket,499,499-10944,,499-10944,"Scania P, G, R, T DC13 valve cover gasket (upper)",,IH,IH,,,,,,
FG,Gasket,499,499-10945,,499-10945,Scania 82-144 Gearbox Cover Gasket,,IH,IH,,,,,,
FG,Gasket,499,499-10946,,499-10946,Oil separator gasket [motor DC16] Scania P/R/4-Serie,,IH,IH,,,,,,
FG,Gasket,499,499-10947,,499-10947,Compressor gasket,,IH,IH,,,,,,
FG,Gasket,499,499-10948,,499-10948,Retarder gasket,,IH,IH,,,,,,
FG,Gasket,499,499-10949,,499-10949,Planetary gear gasket for GR875-GRSO925 Scania P/G/R/T ​​series gearbox,,IH,IH,,,,,,
FG,Gasket,499,499-10950,,499-10950,Gearbox gasket,,IH,IH,,,,,,
FG,Gasket,499,499-10951,,499-10951,Gearbox gasket RB662/RBP735/736/835 Scania 4/P/G/R/T ​​series,,IH,IH,,,,,,
FG,Gasket,499,499-10952,,499-10952,Gearbox shift shaft housing gasket ZF 16S-151/181/221,,IH,IH,,,,,,
FG,Gasket,499,499-10953,,499-10953,43XX62,,IH,IH,,,,,,
FG,Gasket,499,499-10954,,499-10954,DAF XF95 Front Engine Cover Gasket,,IH,IH,,,,,,
FG,Gasket,499,499-10955,,499-10955,Valve cover gasket,,IH,IH,,,,,,
FG,Gasket,499,499-10956,,499-10956,Scania 4/P/G/R/T ​​series washer pump seal,,IH,IH,,,,,,
FG,Gasket,499,499-10957,,499-10957,Valve cover gasket OM906/926 MB Atego/Axor,,IH,IH,,,,,,
FG,Gasket,499,499-10958,,499-10958,Differential gasket,,IH,IH,,,,,,
FG,Gasket,499,499-10959,,499-10959,205XX26,,IH,IH,,,,,,
FG,Gasket,499,499-10960,,499-10960,Valve cover gasket D0834 LFL40-42/50-52/50-55 MAN TGL,,IH,IH,,,,,,
FG,Gasket,499,499-10961,,499-10961,"Transmission gasket GR 875, GR 875R, GR 905, GR 905R, GRS 895, GRS 895R, GRS 905, GRS 905R, GRSO 895, GRSO 895R, GRSO 905, GRSO 905R",,IH,IH,,,,,,
FG,Gasket,499,499-10962,,499-10962,Front Cover Gasket D12C/D Volvo FH/FM/RVI Magnum DXI12,,IH,IH,,,,,,
FG,Gasket,499,499-10963,,499-10963,Gearbox housing gasket,,IH,IH,,,,,,
FG,Gasket,499,499-10964,,499-10964,Crankcase gasket Sc(6),,IH,IH,,,,,,
FG,Gasket,499,499-10965,,499-10965,Multiplier rear cover gasket,,IH,IH,,,,,,
FG,Gasket,499,499-10966,,499-10966,Compaction,,IH,IH,,,,,,
FG,Gasket,499,499-10968,,499-10968,Coolant pump gasket D2066/2676 MAN TGA/TGS/TGX,,IH,IH,,,,,,
FG,Gasket,499,499-10969,,499-10969,Water pump gasket,,IH,IH,,,,,,
FG,Gasket,499,499-10970,,499-10970,VL gearbox plate,,IH,IH,,,,,,
FG,Gasket,499,499-10971,,499-10971,Front cover gasket,,IH,IH,,,,,,
FG,Gasket,499,499-10973,,499-10973,VOLVO FH/FM Gearbox Rear Cover Gasket [20562270],,IH,IH,,,,,,
FG,Gasket,499,499-10974,,499-10974,Gearbox gasket 16S151/221,,IH,IH,,,,,,
FG,Gasket,499,499-10975,,499-10975,Scania gearbox cover gasket,,IH,IH,,,,,,
FG,Gasket,499,499-10976,,499-10976,Oil radiator gasket kit,,IH,IH,,,,,,
FG,Gasket,499,499-10977,,499-10977,Gearbox oil cooler gasket,,IH,IH,,,,,,
FG,Oil Seal,499,499-10978,,499-10978,94.8X115.1X9.5,,IH,IH,,,,,,
FG,Gasket,499,499-10979,,499-10979,Volvo FH12 D12A Oil Filter Bracket Gasket,,IH,IH,,,,,,
FG,Gasket,499,499-10980,,499-10980,Gearbox gasket R/SR 1400/1700,,IH,IH,,,,,,
FG,Gasket,499,499-10981,,499-10981,Gearbox gasket! \ZF,,IH,IH,,,,,,
FG,Gasket,499,499-10982,,499-10982,75XX47,,IH,IH,,,,,,
FG,Gasket,499,499-10983,,499-10983,Oil filler neck flange gasket DC9/11/12/DT12 Scania 4/P/G/R/T ​​series,,IH,IH,,,,,,
FG,Gasket,499,499-10984,,499-10984,70X43X0.5,,IH,IH,,,,,,
FG,Gasket,499,499-10985,,499-10985,DAF Turbocharger Oil Pump Line Gasket,,IH,IH,,,,,,
FG,Gasket,499,499-10986,,499-10986,Scania 4 Series Cooling System Gasket,,IH,IH,,,,,,
FG,Gasket,499,499-10987,,499-10987,"Engine crankcase gasket, kit OM352/366 MB",,IH,IH,,,,,,
FG,Gasket,499,499-10988,,499-10988,Gearbox gasket,,IH,IH,,,,,,
FG,Gasket,499,499-10989,,499-10989,Volvo gasket,,IH,IH,,,,,,
FG,Gasket,499,499-10990,,499-10990,Front cover gasket. D0834/36 MAN Bus/Liaz,,IH,IH,,,,,,
FG,Gasket,499,499-10991,,499-10991,Gearbox gasket,,IH,IH,,,,,,
FG,Gasket,499,499-10992,,499-10992,Gearbox valve gasket,,IH,IH,,,,,,
FG,Gasket,499,499-10993,,499-10993,26.5X68X40,,IH,IH,,,,,,
FG,Gasket,499,499-10994,,499-10994,Gearbox oil pump gasket MAN/DAF/RVI/Iveco/Volvo,,IH,IH,,,,,,
FG,Gasket,499,499-10995,,499-10995,Rubber fan diffuser ring MAN D2840/D2865/D2866,,IH,IH,,,,,,
FG,Gasket,499,499-10996,,499-10996,Power take-off box gasket,,IH,IH,,,,,,
FG,Gasket,499,499-10997,,499-10997,Valve cover gasket,,IH,IH,,,,,,
FG,Gasket,499,499-10998,,499-10998,Valve cover gasket,,IH,IH,,,,,,
FG,Gasket,499,499-10999,,499-10999,Oil filter housing gasket,,IH,IH,,,,,,
FG,Gasket,499,499-11000,,499-11000,Power take-off gasket,,IH,IH,,,,,,
FG,Gasket,499,499-11001,,499-11001,Heat Exchanger Gasket F3AE/BE Cursor 10 Iveco EuroStar/Tech/Stralis,,IH,IH,,,,,,
FG,Gasket,499,499-11002,,499-11002,Gearbox gasket ZF 16S-151,,IH,IH,,,,,,
FG,Gasket,499,499-11003,,499-11003,"Gasket, Oil filter",,IH,IH,,,,,,
FG,Gasket,499,499-11004,,499-11004,ZF gearbox gasket,,IH,IH,,,,,,
FG,Gasket,499,499-11005,,499-11005,Compaction,,IH,IH,,,,,,
FG,Gasket,499,499-11006,,499-11006,Air filter gasket,,IH,IH,,,,,,
FG,Gasket,499,499-11007,,499-11007,Turbine oil gasket,,IH,IH,,,,,,
FG,Gasket,499,499-11008,,499-11008,Iveco/DAF/MB/Scania turbocharger gasket,,IH,IH,,,,,,
FG,Gasket,499,499-11009,,499-11009,MAN thermostat gasket,,IH,IH,,,,,,
FG,Gasket,499,499-11010,,499-11010,Intake manifold sealing ring,,IH,IH,,,,,,
FG,Oil Seal,499,499-11011,,499-11011,IVECO F1AE injector sealing ring,,IH,IH,,,,,,
FG,Gasket,499,499-11012,,499-11012,MB flywheel housing gasket,,IH,IH,,,,,,
FG,Gasket,499,499-11014,,499-11014,Valve cover gasket MB OM 401 - OM 443,,IH,IH,,,,,,
FG,Gasket,499,499-11015,,499-11015,Gearbox gasket set,,IH,IH,,,,,,
FG,Gasket,499,499-11016,,499-11016,Volvo power take-off cylinder RMC,,IH,IH,,,,,,
FG,Gasket,499,499-11017,,499-11017,154X171X38,,IH,IH,,,,,,
FG,Gasket,499,499-11018,,499-11018,Front valve cover gasket,,IH,IH,,,,,,
FG,Gasket,499,499-11019,,499-11019,232.5X299X43,,IH,IH,,,,,,
FG,Gasket,499,499-11020,,499-11020,RMK gaskets gearbox ZF 16 S 130/ 160,,IH,IH,,,,,,
FG,Gasket,499,499-11021,,499-11021,Front engine cover gasket,,IH,IH,,,,,,
FG,Gasket,499,499-11022,,499-11022,Engine Gasket D12A/C/D/DXI12 Volvo FH/FM12/RVI Magnum DXI,,IH,IH,,,,,,
FG,Gasket,499,499-11023,,499-11023,Scania 4/P/G/R/T ​​series gearbox gasket,,IH,IH,,,,,,
FG,Gasket,499,499-11024,,499-11024,Manifold gasket,,IH,IH,,,,,,
FG,Gasket,499,499-11025,,499-11025,131X140X12.5,,IH,IH,,,,,,
FG,Gasket,499,499-11026,,499-11026,Exhaust manifold gasket MAN D0836,,IH,IH,,,,,,
FG,Gasket,499,499-11027,,499-11027,Scania hydraulic pump gasket,,IH,IH,,,,,,
FG,Gasket,499,499-11028,,499-11028,Oil separator gasket OM501/502 MB Actros,,IH,IH,,,,,,
FG,Gasket,499,499-11029,,499-11029,Scania 2/3/4 Series Differential Oil Pump Gasket,,IH,IH,,,,,,
FG,Gasket,499,499-11030,,499-11030,Oil filler tube gasket MB Actros/Axor/Atego,,IH,IH,,,,,,
FG,Gasket,499,499-11031,,499-11031,Scania 4s EGR system sealing ring,,IH,IH,,,,,,
FG,Gasket,499,499-11032,,499-11032,Thermostat gasket,,IH,IH,,,,,,
FG,Gasket,499,499-11034,,499-11034,DS front cover gasket,,IH,IH,,,,,,
FG,Gasket,499,499-11035,,499-11035,Fuel Pump Seal for Volvo FH/FM/RVI Magnum DXi 12,,IH,IH,,,,,,
FG,Gasket,499,499-11036,,499-11036,Scania oil filter housing gasket,,IH,IH,,,,,,
FG,Gasket,499,499-11037,,499-11037,Water pump gasket,,IH,IH,,,,,,
FG,Gasket,499,499-11038,,499-11038,17.5X24.5X8,,IH,IH,,,,,,
FG,Gasket,499,499-11039,,499-11039,Fuel filter gasket kit,,IH,IH,,,,,,
FG,Gasket,499,499-11040,,499-11040,Bumper,,IH,IH,,,,,,
FG,Gasket,499,499-11041,,499-11041,Gearbox gasket,,IH,IH,,,,,,
FG,Gasket,499,499-11042,,499-11042,Front MB cover gasket A4420110080,,IH,IH,,,,,,
FG,Gasket,499,499-11043,,499-11043,86XX5.5,,IH,IH,,,,,,
FG,Gasket,499,499-11044,,499-11044,Front cover gasket D0824/0826 MAN,,IH,IH,,,,,,
FG,Gasket,499,499-11045,,499-11045,Gearbox gaskets,,IH,IH,,,,,,
FG,Gasket,499,499-11046,,499-11046,91X141,,IH,IH,,,,,,
FG,Gasket,499,499-11047,,499-11047,Asbestos-free seal,,IH,IH,,,,,,
FG,Gasket,499,499-11048,,499-11048,MB Actros front cover gasket,,IH,IH,,,,,,
FG,Gasket,499,499-11049,,499-11049,535XX17.5,,IH,IH,,,,,,
FG,Gasket,499,499-11050,,499-11050,25.25XX1.1,,IH,IH,,,,,,
FG,Gasket,499,499-11051,,499-11051,Fuel pump gasket OM457/460LA/HLA MB Axor/Bus,,IH,IH,,,,,,
FG,Gasket,499,499-11052,,499-11052,Timing belt cover gasket,,IH,IH,,,,,,
FG,Gasket,499,499-11053,,499-11053,Oil radiator gasket,,IH,IH,,,,,,
FG,Gasket,499,499-11054,,499-11054,Coolant Pump Gasket D12A/C/D Volvo B/FL/FH12,,IH,IH,,,,,,
FG,Gasket,499,499-11055,,499-11055,Heat exchanger gasket,,IH,IH,,,,,,
FG,Gasket,499,499-11056,,499-11056,Compressor housing seal,,IH,IH,,,,,,
FG,Gasket,499,499-11057,,499-11057,MB oil line gasket,,IH,IH,,,,,,
FG,Gasket,499,499-11058,,499-11058,Differential cover gasket RB662 Scania P/G/R/T ​​series,,IH,IH,,,,,,
FG,Gasket,499,499-11059,,499-11059,Gearshift housing gasket,,IH,IH,,,,,,
FG,Gasket,499,499-11061,,499-11061,MB Atego windshield seal,,IH,IH,,,,,,
FG,Gasket,499,499-11062,,499-11062,Windshield seal (rubber) DAF XF95/105,,IH,IH,,,,,,
FG,Gasket,499,499-11063,,499-11063,170X300X51,,IH,IH,,,,,,
FG,Gasket,499,499-11064,,499-11064,Upper seal of the right door glass,,IH,IH,,,,,,
FG,Gasket,499,499-11065,,499-11065,Pad,,IH,IH,,,,,,
FG,Gasket,499,499-11066,,499-11066,Intake manifold gasket,,IH,IH,,,,,,
FG,Gasket,499,499-11067,,499-11067,"Rubber ring, Fan",,IH,IH,,,,,,
FG,Gasket,499,499-11068,,499-11068,Fan diffuser ring seal 926mm VOLVO FH/FM,,IH,IH,,,,,,
FG,Gasket,499,499-11162,,499-11162,"MB Actros door glass seal, left lower A9417251566",,IH,IH,,,,,,
FG,Gasket,499,499-11166,,499-11166,Clutch control unit repair kit,,IH,IH,,,,,,
FG,Gasket,499,499-12050,,499-12050,Front cover gasket D16C/E/G Volvo FH/FM,,IH,IH,,,,,,
FG,REPAIR KIT,599,599-00070,,599-00070,MB ActrosAxor hub RMK,,IH,IH,,,,,,
FG,REPAIR KIT,599,599-00093,,599-00093,"Repair kit, Wheel hub",,IH,IH,,,,,,
FG,REPAIR KIT,599,599-00560,,599-00560,"RMK hub (bolts, seals, impulse ring) MB Actros Axor",,IH,IH,,,,,,
FG,REPAIR KIT,599,599-00624,,599-00624,MAN Gear Shift Cylinder Repair Kit,,IH,IH,,,,,,
FG,REPAIR KIT,599,599-00717,,599-00717,Brake valve RMK,,IH,IH,,,,,,
FG,REPAIR KIT,599,599-00815,,599-00815,RMK pressure relief valve,,IH,IH,,,,,,
FG,REPAIR KIT,599,599-00832,,599-00832,RMK of the dehydrator tap 12.5 bar (lower part) 4324100002,,IH,IH,,,,,,
FG,REPAIR KIT,599,599-00949,,599-00949,Volvo Relay Valve Assembly,,IH,IH,,,,,,
FG,REPAIR KIT,599,599-00987,,599-00987,"Cover Plate 147x174x1.5
Thrusting Ring 119x145x26
Lock Washer 101x116x1.5
Oil Seal 145x175x8
Oil Seal 145x175x15
ABS Ring 176x196x16 (2mm Thickness)",,IH,IH,,,,,,
FG,REPAIR KIT,599,599-01716,,599-01716,Retarder R.K.,,IH,IH,,,,,,
FG,REPAIR KIT,599,599-10691,,599-10691,86X115/139X22,,IH,IH,,,,,,
FG,REPAIR KIT,599,599-11060,,599-11060,Iveco thermostat gasket set,,IH,IH,,,,,,
FG,REPAIR KIT,599,599-11158,,599-11158,K-KT gaskets for compressor units,,IH,IH,,,,,,
FG,REPAIR KIT,599,599-11171,,599-11171,Steering column RMC,,IH,IH,,,,,,
FG,REPAIR KIT,599,599-11172,,599-11172,Oil seal repair kit,,IH,IH,,,,,,
FG,REPAIR KIT,599,599-11173,,599-11173,RMK seals for ZF gearbox 1315298002,,IH,IH,,,,,,
FG,REPAIR KIT,599,599-11174,,599-11174,RMK of the power take-off cylinder FH12 SR1400-1700,,IH,IH,,,,,,
FG,REPAIR KIT,599,599-11175,,599-11175,Rear hub oil seal MB120*145*15,,IH,IH,,,,,,
FG,REPAIR KIT,599,599-11176,,599-11176,RMK wheel hub seals MB,,IH,IH,,,,,,
FG,REPAIR KIT,599,599-11177,,599-11177,"110x146x16.5-Qty1
Gasket-Qty1",,IH,IH,,,,,,
FG,REPAIR KIT,599,599-11178,,599-11178,RMK gearbox cylinder Opticruise Scania 4/P/G/R/T ​​series,,IH,IH,,,,,,
FG,REPAIR KIT,599,599-11179,,599-11179,108X152.6/185X19,,IH,IH,,,,,,
FG,REPAIR KIT,599,599-11180,,599-11180,RMK hub (oil seal + gasket) 100*135*13/15 ROR TE9000,,IH,IH,,,,,,
FG,REPAIR KIT,599,599-11181,,599-11181,#N/A,,IH,IH,,,,,,
FG,REPAIR KIT,599,599-11182,,599-11182,147X174X1.5,,IH,IH,,,,,,
FG,REPAIR KIT,599,599-11183,,599-11183,"Final drive cover gasket for PM, SM, ZM MB",,IH,IH,,,,,,
FG,REPAIR KIT,599,599-11184,,599-11184,RMC demultiplier SR1700/1900/FH12,,IH,IH,,,,,,
FG,REPAIR KIT,599,599-11185,,599-11185,RMK gasket set for compressor unit,,IH,IH,,,,,,
FG,REPAIR KIT,599,599-11189,,599-11189,Gearbox seal kit,,IH,IH,,,,,,
FG,REPAIR KIT,599,599-11190,,599-11190,Gearbox Gasket Set,,IH,IH,,,,,,
FG,REPAIR KIT,599,599-11191,,599-11191,Volvo FH/FM12 gearbox cylinder assembly,,IH,IH,,,,,,
FG,REPAIR KIT,599,599-11192,,599-11192,Repair kit for gearbox divider FH-12 SR1700-2000 VOLVO,,IH,IH,,,,,,
FG,REPAIR KIT,599,599-11193,,599-11193,HEAT EXCHANGER SEALING RING,,IH,IH,,,,,,
FG,REPAIR KIT,599,599-11194,,599-11194,Volvo FH/FM clutch fork seal,,IH,IH,,,,,,
FG,REPAIR KIT,599,599-11195,,599-11195,Intake/Exhaust Valve Cover. Iveco,,IH,IH,,,,,,
FG,REPAIR KIT,599,599-11196,,599-11196,Clutch cylinder RMC,,IH,IH,,,,,,
FG,REPAIR KIT,599,599-11197,,599-11197,SAF hub RMK,,IH,IH,,,,,,
FG,REPAIR KIT,599,599-11198,,599-11198,Washer,,IH,IH,,,,,,
FG,REPAIR KIT,599,599-11199,,599-11199,Gearbox Seal Kit MAN/DAF/Iveco/RVI 16S151\181\221\251,,IH,IH,,,,,,
FG,REPAIR KIT,599,599-11200,,599-11200,Cardan shaft RMC,,IH,IH,,,,,,
FG,REPAIR KIT,599,599-11201,,599-11201,Washer,,IH,IH,,,,,,
FG,REPAIR KIT,599,599-11396,,599-11396,Complete gearbox control cylinder RMC,,IH,IH,,,,,,
FG,REPAIR KIT,599,599-11397,,599-11397,RMK piston seals (Kacmazlar),,IH,IH,,,,,,
FG,Oil Seal,985,641A,,985-12061,62x40x10.5 R,,IH,IH,,,,,,
FG,ABS Ring,799,799-00100,,799-00100,168x212x18,,IH,IH,,,,,,
FG,ABS Ring,799,799-00839,,799-00839,139X175X18,,MOULDED OS,MOULDED OS,,,,,,
FG,ABS Ring,799,799-00840,,799-00840,147X200X14.5,,IH,IH,,,,,,
FG,ABS Ring,799,799-00841,,799-00841,102X131/162X80/1.5,,IH,IH,,,,,,
FG,ABS Ring,799,799-00843,,799-00843,195x200x15,,IH,IH,,,,,,
FG,ABS Ring,799,799-00948,,799-00948,156X187X12,,IH,IH,,,,,,
FG,ABS Ring,799,799-01680,,799-01680,157X116X18.8,,IH,IH,,,,,,
FG,ABS Ring,799,799-01728,,799-01728,125x130/170x9,,IH,IH,,,,,,
FG,Washer,799,799-10425,,799-10425,60XX26,,IH,IH,,,,,,
FG,Spacers,799,799-10676,,799-10676,22X28X9,,IH,IH,,,,,,
FG,Spacers,799,799-10677,,799-10677,160X140X24,,IH,IH,,,,,,
FG,Spacers,799,799-10678,,799-10678,119X145X26,,IH,IH,,,,,,
FG,Spacers,799,799-10679,,799-10679,115X145X32,,IH,IH,,,,,,
FG,Spacers,799,799-10680,,799-10680,106X125X21,,IH,IH,,,,,,
FG,Spacers,799,799-10681,,799-10681,51X80X17,,IH,IH,,,,,,
FG,Spacers,799,799-10682,,799-10682,95.2X120X24,,IH,IH,,,,,,
FG,Spacers,799,799-10683,,799-10683,9.4X12X1.4,,IH,IH,,,,,,
FG,Spacers,799,799-10684,,799-10684,100X110X15.5,,IH,IH,,,,,,
FG,Spacers,799,799-10685,,799-10685,105X168X24,,IH,IH,,,,,,
FG,Spacers,799,799-10686,,799-10686,124X160X11.5,,IH,IH,,,,,,
FG,Spacers,799,799-10687,,799-10687,Intake valve seat,,IH,IH,,,,,,
FG,Washer,799,799-10688,,799-10688,68X108X9.5,,IH,IH,,,,,,
FG,Spacers,799,799-10689,,799-10689,86.4X115/139X22,,IH,IH,,,,,,
FG,Spacers,799,799-10690,,799-10690,Sealing ring,,IH,IH,,,,,,
FG,Spacers,799,799-10692,,799-10692,96x117.5/132x22,,IH,IH,,,,,,
FG,Washer,799,799-10693,,799-10693,Spacer ring 1.5mm,,IH,IH,,,,,,
FG,Washer,799,799-10694,,799-10694,82X86X142,,IH,IH,,,,,,
FG,Washer,799,799-10695,,799-10695,Volvo FH FM rear axle washer,,IH,IH,,,,,,
FG,Spacers,799,799-10696,,799-10696,Injector spacer,,IH,IH,,,,,,
FG,Spacers,799,799-10697,,799-10697,Threaded ring,,IH,IH,,,,,,
FG,Spacers,799,799-10698,,799-10698,Iveco EuroTrakker hub seal cage,,IH,IH,,,,,,
FG,Spacers,799,799-10699,,799-10699,129.8X134X13.5,,IH,IH,,,,,,
FG,Spacers,799,799-10700,,799-10700,Rear axle seal,,IH,IH,,,,,,
FG,Spacers,799,799-10701,,799-10701,Gearbox thrust washer,,IH,IH,,,,,,
FG,Spacers,799,799-10703,,799-10703,115x120x21,,IH,IH,,,,,,
FG,Spacers,799,799-10704,,799-10704,245X270X3,,IH,IH,,,,,,
FG,Shim,799,799-10707,,799-10707,Cylinder liner sealing ring,,IH,IH,,,,,,
FG,Shim,799,799-10708,,799-10708,151.3X157.3X0.5,,IH,IH,,,,,,
FG,Shim,799,799-10709,,799-10709,Sleeve adjustment ring 0.20 mm,,IH,IH,,,,,,
FG,Shim,799,799-10710,,799-10710,Adjusting ring 3mm,,IH,IH,,,,,,
FG,Shim,799,799-10711,,799-10711,105X125X0.1,,IH,IH,,,,,,
FG,Shim,799,799-10712,,799-10712,134.1X140.6X0.2,,IH,IH,,,,,,
FG,Shim,799,799-10713,,799-10713,"Adjusting ring for sleeve 860820 (Cursor8), 0.14 mm (98456130) MEC-Diesel",,IH,IH,,,,,,
FG,Washer,799,799-10716,,799-10716,7X16.5X2,,IH,IH,,,,,,
FG,Washer,799,799-10719,,799-10719,"7.1X17.5X1,7",,IH,IH,,,,,,
FG,Circlip,799,799-10720,,799-10720,59.2X65X3,,IH,IH,,,,,,
FG,Washer,799,799-10722,,799-10722,15X7.7X2,,IH,IH,,,,,,
FG,Washer,799,799-10723,,799-10723,7.5X15X2,,IH,IH,,,,,,
FG,Washer,799,799-10724,,799-10724,7.6X15X1.5,,IH,IH,,,,,,
FG,Washer,799,799-10726,,799-10726,Washer 8x14x1,,IH,IH,,,,,,
FG,Washer,799,799-10727,,799-10727,1.5x15.1x7,,IH,IH,,,,,,
FG,Washer,799,799-10729,,799-10729,1.5x15x7,,IH,IH,,,,,,
FG,Washer,799,799-10730,,799-10730,14X20X1.5,,IH,IH,,,,,,
FG,Washer,799,799-10731,,799-10731,7X15X2,,IH,IH,,,,,,
FG,Washer,799,799-10733,,799-10733,Pressure washer,,IH,IH,,,,,,
FG,Washer,799,799-10735,,799-10735,20x16x1,,IH,IH,,,,,,
FG,Washer,799,799-10737,,799-10737,Hub retaining ring MB Actros/Axor/SK/MK/NG,,IH,IH,,,,,,
FG,Washer,799,799-10738,,799-10738,Wave-shaped remote control ring for ZF 16S151 Iveco/MAN/DAF gearbox,,IH,IH,,,,,,
FG,Washer,799,799-10739,,799-10739,26X34X2,,IH,IH,,,,,,
FG,Washer,799,799-10740,,799-10740,12X18X1.5,,IH,IH,,,,,,
FG,Washer,799,799-10741,,799-10741,DAF hub ring,,IH,IH,,,,,,
FG,Washer,799,799-10742,,799-10742,10X21X1,,IH,IH,,,,,,
FG,Washer,799,799-10743,,799-10743,Gearbox retaining ring,,IH,IH,,,,,,
FG,Washer,799,799-10744,,799-10744,WASHER FOR INJECTOR,,IH,IH,,,,,,
FG,Washer,799,799-10745,,799-10745,22X27X1.5,,IH,IH,,,,,,
FG,Washer,799,799-10747,,799-10747,Fuel injection pump drive plate 61*122*98,,IH,IH,,,,,,
FG,Shim,799,799-10748,,799-10748,Adjusting washer,,IH,IH,,,,,,
FG,Washer,799,799-11013,,799-11013,143.6X170X7,,IH,IH,,,,,,
FG,ABS Ring,799,799-11136,,799-11136,176X188,,IH,IH,,,,,,
FG,ABS Ring,799,799-11137,,799-11137,ABS ring,,IH,IH,,,,,,
FG,ABS Ring,799,799-11138,,799-11138,126X164X8.5,,IH,IH,,,,,,
FG,ABS Ring,799,799-11139,,799-11139,194X176X15,,IH,IH,,,,,,
FG,ABS Ring,799,799-11140,,799-11140,ABS Ring SALE,,IH,IH,,,,,,
FG,ABS Ring,799,799-11141,,799-11141,152X170X15,,IH,IH,,,,,,
FG,ABS Ring,799,799-11142,,799-11142,132X144X12,,IH,IH,,,,,,
FG,ABS Ring,799,799-11143,,799-11143,144X177X12,,IH,IH,,,,,,
FG,ABS Ring,799,799-11144,,799-11144,128X179,,IH,IH,,,,,,
FG,ABS Ring,799,799-11145,,799-11145,157X154,,IH,IH,,,,,,
FG,ABS Ring,799,799-11146,,799-11146,156X160/178X12.5/5.5,,IH,IH,,,,,,
FG,ABS Ring,799,799-11147,,799-11147,150X184,,IH,IH,,,,,,
FG,Bush,799,799-11148,,799-11148,16X60X80,,IH,IH,,,,,,
FG,Circlip,799,799-11150,,799-11150,249X274X4,,IH,IH,,,,,,
FG,Circlip,799,799-11151,,799-11151,Retaining ring 250.0*3.0 Scania,,IH,IH,,,,,,
FG,Circlip,799,799-11152,,799-11152,240XX3,,IH,IH,,,,,,
FG,Circlip,799,799-11153,,799-11153,250x3,,IH,IH,,,,,,
FG,Circlip,799,799-11154,,799-11154,13x42x0.5,,IH,IH,,,,,,
FG,Circlip,799,799-11155,,799-11155,122x4,,IH,IH,,,,,,
FG,Circlip,799,799-11156,,799-11156,Retaining ring 4*140/472(ECO) BPW,,IH,IH,,,,,,
FG,Circlip,799,799-11157,,799-11157,140X146X3.2,,IH,IH,,,,,,
FG,Circlip,799,799-11159,,799-11159,53.7X58X0.7,,IH,IH,,,,,,
FG,Washer,799,799-11160,,799-11160,122X160X8.5,,IH,IH,,,,,,
FG,Washer,799,799-11161,,799-11161,84x129x8.5,,IH,IH,,,,,,
FG,Gasket,799,799-11167,,799-11167,Oil deflector ring,,IH,IH,,,,,,
FG,Spacers,799,799-11168,,799-11168,Hub bushing Scania 2/3/4/P/R/T series,,IH,IH,,,,,,
FG,Washer,799,799-11170,,799-11170,96X165X22,,IH,IH,,,,,,
FG,Washer,799,799-11186,,799-11186,Gearbox retaining ring,,IH,IH,,,,,,
FG,Steel Strap,799,799-11187,,799-11187,MAN Fuel Tank Fastening Tape,,IH,IH,,,,,,
FG,Steel Strap,799,799-11188,,799-11188,Rubber band for fuel tank mounting,,IH,IH,,,,,,
FG,ABS Ring,799,799-11815,,799-11815,125x156x8.5,,IH,IH,,,,,,
FG,ABS Ring,799,799-11816,,799-11816,140x164x7,,IH,IH,,,,,,
FG,ABS Ring,799,799-11817,,799-11817,150x175,,IH,IH,,,,,,
FG,ABS Ring,799,799-11818,,799-11818,176x196x16,,MOULDED OS,MOULDED OS,,,,,,
FG,ABS Ring,799,799-11819,,799-11819,118x140x13.5,,IH,IH,,,,,,
FG,ABS Ring,799,799-11820,,799-11820,176x192x13,,IH,IH,,,,,,
FG,ABS Ring,799,799-11821,,799-11821,155,,IH,IH,,,,,,
FG,ABS Ring,799,799-11822,,799-11822,ABS ring,,IH,IH,,,,,,
FG,Washer,799,799-12012,,799-12012,14X20X1.5,,IH,IH,,,,,,
FG,ABS Ring,799,799-12039,,799-12039,ABS ring,,IH,IH,,,,,,
FG,O-Ring,899,899-02024,,899-02024,98X112.4X7,,IH,IH,,,,,,
FG,O-Ring,899,899-10428,,899-10428,55X65X4.8,,IH,IH,,,,,,
FG,O-Ring,899,899-10432,,899-10432,32.8XX3,,IH,IH,,,,,,
FG,O-Ring,899,899-10732,,899-10732,8X15X2,,IH,IH,,,,,,
FG,O-Ring,899,899-11207,,899-11207,80X112X11,,IH,IH,,,,,,
FG,O-Ring,899,899-11208,,899-11208,Sealing ring 180X4N-FPM1-70-GN,,IH,IH,,,,,,
FG,O-Ring,899,899-11209,,899-11209,Oil radiator seal kit,,IH,IH,,,,,,
FG,O-Ring,899,899-11210,,899-11210,44.2XX5.7,,IH,IH,,,,,,
FG,O-Ring,899,899-11211,,899-11211,RMK sealing rings. Gearbox GRS890-GRS890/R Scania 4/P/G/R/T ​​series,,IH,IH,,,,,,
FG,O-Ring,899,899-11212,,899-11212,95.2x120x24,,IH,IH,,,,,,
FG,O-Ring,899,899-11213,,899-11213,40X47X2,,IH,IH,,,,,,
FG,O-Ring,899,899-11214,,899-11214,202XX2.6,,IH,IH,,,,,,
FG,O-Ring,899,899-11216,,899-11216,12X18X1.5,,IH,IH,,,,,,
FG,O-Ring,899,899-11217,,899-11217,FH16 VOLVO Water Pump O-Ring,,IH,IH,,,,,,
FG,O-Ring,899,899-11218,,899-11218,140XX3,,IH,IH,,,,,,
FG,O-Ring,899,899-11219,,899-11219,"ID-225, T-3",,IH,IH,,,,,,
FG,O-Ring,899,899-11220,,899-11220,200x3,,IH,IH,,,,,,
FG,O-Ring,899,899-11221,,899-11221,85XX3,,IH,IH,,,,,,
FG,O-Ring,899,899-11222,,899-11222,105X113X3.5,,IH,IH,,,,,,
FG,O-Ring,899,899-11223,,899-11223,176X196X5.8,,IH,IH,,,,,,
FG,O-Ring,899,899-11224,,899-11224,170XX2.5,,IH,IH,,,,,,
FG,O-Ring,899,899-11225,,899-11225,89XX3.5,,IH,IH,,,,,,
FG,O-Ring,899,899-11226,,899-11226,41X48X7,,IH,IH,,,,,,
FG,O-Ring,899,899-11227,,899-11227,Gearbox sealing ring,,IH,IH,,,,,,
FG,O-Ring,899,899-11228,,899-11228,"ID-178, T-3",,IH,IH,,,,,,
FG,O-Ring,899,899-11229,,899-11229,80X90X5,,IH,IH,,,,,,
FG,O-Ring,899,899-11230,,899-11230,84.1XX5.7,,IH,IH,,,,,,
FG,O-Ring,899,899-11231,,899-11231,53XX3.6,,IH,IH,,,,,,
FG,O-Ring,899,899-11232,,899-11232,46x3,,IH,IH,,,,,,
FG,O-Ring,899,899-11233,,899-11233,59.2XX5.7,,IH,IH,,,,,,
FG,O-Ring,899,899-11234,,899-11234,138x145x3.5,,IH,IH,,,,,,
FG,O-Ring,899,899-11235,,899-11235,Sealing ring,,IH,IH,,,,,,
FG,O-Ring,899,899-11236,,899-11236,14.5X21X5,,IH,IH,,,,,,
FG,O-Ring,899,899-11237,,899-11237,109.5XX3,,IH,IH,,,,,,
FG,O-Ring,899,899-11238,,899-11238,164.3X5.7,,IH,IH,,,,,,
FG,O-Ring,899,899-11239,,899-11239,146.5XX3.7,,IH,IH,,,,,,
FG,O-Ring,899,899-11240,,899-11240,297XX4,,IH,IH,,,,,,
FG,O-Ring,899,899-11241,,899-11241,140x3.5,,IH,IH,,,,,,
FG,O-Ring,899,899-11242,,899-11242,102.1XX4,,IH,IH,,,,,,
FG,O-Ring,899,899-11243,,899-11243,Sealing ring 27*3.55 RVI,,IH,IH,,,,,,
FG,O-Ring,899,899-11244,,899-11244,69.2XX5.7,,IH,IH,,,,,,
FG,O-Ring,899,899-11245,,899-11245,Hub seal 142.15*175.5*11.4 SAF,,IH,IH,,,,,,
FG,O-Ring,899,899-11246,,899-11246,SEAL,,IH,IH,,,,,,
FG,O-Ring,899,899-11247,,899-11247,77x2.5,,IH,IH,,,,,,
FG,O-Ring,899,899-11248,,899-11248,24XX2.5,,IH,IH,,,,,,
FG,O-Ring,899,899-11249,,899-11249,110XX3,,IH,IH,,,,,,
FG,O-Ring,899,899-11250,,899-11250,32.9X32.9X3.5,,IH,IH,,,,,,
FG,O-Ring,899,899-11251,,899-11251,52XX3,,IH,IH,,,,,,
FG,O-Ring,899,899-11252,,899-11252,30XX3,,IH,IH,,,,,,
FG,O-Ring,899,899-11253,,899-11253,28X3.5,,IH,IH,,,,,,
FG,O-Ring,899,899-11254,,899-11254,46XX3,,IH,IH,,,,,,
FG,O-Ring,899,899-11255,,899-11255,66X60X3,,IH,IH,,,,,,
FG,O-Ring,899,899-11256,,899-11256,150.5XX3,,IH,IH,,,,,,
FG,O-Ring,899,899-11257,,899-11257,35x4.65,,IH,IH,,,,,,
FG,O-Ring,899,899-11258,,899-11258,108x3,,IH,IH,,,,,,
FG,O-Ring,899,899-11259,,899-11259,72.7X89.3X8.3,,IH,IH,,,,,,
FG,O-Ring,899,899-11260,,899-11260,52x66x7,,IH,IH,,,,,,
FG,O-Ring,899,899-11261,,899-11261,79.2x5.7,,IH,IH,,,,,,
FG,O-Ring,899,899-11262,,899-11262,18x12x3,,IH,IH,,,,,,
FG,O-Ring,899,899-11263,,899-11263,132x2.9,,IH,IH,,,,,,
FG,O-Ring,899,899-11264,,899-11264,90x80x16.8,,IH,IH,,,,,,
FG,O-Ring,899,899-11265,,899-11265,32X38X5,,IH,IH,,,,,,
FG,O-Ring,899,899-11266,,899-11266,98X105X2.9,,IH,IH,,,,,,
FG,O-Ring,899,899-11267,,899-11267,Sealing ring 104x3.7,,IH,IH,,,,,,
FG,O-Ring,899,899-11268,,899-11268,10.3X15.1X2.4,,IH,IH,,,,,,
FG,O-Ring,899,899-11269,,899-11269,13.1X18.34X2.62,,IH,IH,,,,,,
FG,O-Ring,899,899-11270,,899-11270,120X134.5X14.5,,IH,IH,,,,,,
FG,O-Ring,899,899-11271,,899-11271,133X145X6,,IH,IH,,,,,,
FG,O-Ring,899,899-11272,,899-11272,54.5XX3,,IH,IH,,,,,,
FG,O-Ring,899,899-11273,,899-11273,20.2XX3.53,,IH,IH,,,,,,
FG,O-Ring,899,899-11274,,899-11274,28X34.3X3.15,,IH,IH,,,,,,
FG,O-Ring,899,899-11275,,899-11275,Oil pipe sealing ring D12A/C,,IH,IH,,,,,,
FG,O-Ring,899,899-11276,,899-11276,23XX2,,IH,IH,,,,,,
FG,O-Ring,899,899-11277,,899-11277,Fuel injector sealing ring rubber,,IH,IH,,,,,,
FG,O-Ring,899,899-11278,,899-11278,56XX4,,IH,IH,,,,,,
FG,O-Ring,899,899-11279,,899-11279,Set of gasket rings,,IH,IH,,,,,,
FG,O-Ring,899,899-11280,,899-11280,21.4X25.4X3.4,,IH,IH,,,,,,
FG,O-Ring,899,899-11281,,899-11281,34.2X42.2X3,,IH,IH,,,,,,
FG,O-Ring,899,899-11282,,899-11282,149x144x2.5,,IH,IH,,,,,,
FG,O-Ring,899,899-11283,,899-11283,52x58x3,,IH,IH,,,,,,
FG,O-Ring,899,899-11284,,899-11284,Sealing ring,,IH,IH,,,,,,
FG,O-Ring,899,899-11285,,899-11285,Sealing ring,,IH,IH,,,,,,
FG,O-Ring,899,899-11286,,899-11286,26.9XX2.6,,IH,IH,,,,,,
FG,O-Ring,899,899-11287,,899-11287,37X45X8.5,,IH,IH,,,,,,
FG,O-Ring,899,899-11288,,899-11288,64.5X70.5X3,,IH,IH,,,,,,
FG,O-Ring,899,899-11289,,899-11289,84.5x3,,IH,IH,,,,,,
FG,O-Ring,899,899-11290,,899-11290,26x2.5,,IH,IH,,,,,,
FG,O-Ring,899,899-11291,,899-11291,Injector sealing rings (set of 3) CURSOR F3A,,IH,IH,,,,,,
FG,O-Ring,899,899-11292,,899-11292,125XX3,,IH,IH,,,,,,
FG,O-Ring,899,899-11293,,899-11293,Pad,,IH,IH,,,,,,
FG,O-Ring,899,899-11294,,899-11294,128XX,,IH,IH,,,,,,
FG,O-Ring,899,899-11295,,899-11295,99.1XX,,IH,IH,,,,,,
FG,O-Ring,899,899-11296,,899-11296,85X90X3,,IH,IH,,,,,,
FG,O-Ring,899,899-11297,,899-11297,55x3,,IH,IH,,,,,,
FG,O-Ring,899,899-11298,,899-11298,139.5x3,,IH,IH,,,,,,
FG,O-Ring,899,899-11299,,899-11299,63.5XX7,,IH,IH,,,,,,
FG,O-Ring,899,899-11300,,899-11300,"ID-14, T-1.8",,IH,IH,,,,,,
FG,O-Ring,899,899-11301,,899-11301,Sealing ring,,IH,IH,,,,,,
FG,O-Ring,899,899-11302,,899-11302,12X17.5X3.4,,IH,IH,,,,,,
FG,O-Ring,899,899-11303,,899-11303,18.5XX1.75,,IH,IH,,,,,,
FG,O-Ring,899,899-11304,,899-11304,74.8X91X5.5,,IH,IH,,,,,,
FG,O-Ring,899,899-11305,,899-11305,Sealing ring,,IH,IH,,,,,,
FG,O-Ring,899,899-11306,,899-11306,29x3,,IH,IH,,,,,,
FG,O-Ring,899,899-11307,,899-11307,60.8X67X6,,IH,IH,,,,,,
FG,O-Ring,899,899-11308,,899-11308,"ID-162, T-3",,IH,IH,,,,,,
FG,O-Ring,899,899-11309,,899-11309,86x5,,IH,IH,,,,,,
FG,O-Ring,899,899-11310,,899-11310,21X27X3,,IH,IH,,,,,,
FG,O-Ring,899,899-11311,,899-11311,32X42X5,,IH,IH,,,,,,
FG,O-Ring,899,899-11312,,899-11312,100XX3,,IH,IH,,,,,,
FG,O-Ring,899,899-11313,,899-11313,38X44X5,,IH,IH,,,,,,
FG,O-Ring,899,899-11314,,899-11314,83x3,,IH,IH,,,,,,
FG,O-Ring,899,899-11315,,899-11315,82XX4,,IH,IH,,,,,,
FG,O-Ring,899,899-11316,,899-11316,67XX3,,IH,IH,,,,,,
FG,O-Ring,899,899-11317,,899-11317,15.3X20.1X2.4,,IH,IH,,,,,,
FG,O-Ring,899,899-11318,,899-11318,Injector sealing ring,,IH,IH,,,,,,
FG,O-Ring,899,899-11319,,899-11319,11.6X17.6X6.4,,IH,IH,,,,,,
FG,O-Ring,899,899-11320,,899-11320,139.4x4x4.7,,IH,IH,,,,,,
FG,O-Ring,899,899-11321,,899-11321,Sealing ring 21x4x29,,IH,IH,,,,,,
FG,O-Ring,899,899-11322,,899-11322,38XX1.7,,IH,IH,,,,,,
FG,O-Ring,899,899-11323,,899-11323,13.5XX3,,IH,IH,,,,,,
FG,O-Ring,899,899-11324,,899-11324,53.6X62.5X3.5,,IH,IH,,,,,,
FG,O-Ring,899,899-11325,,899-11325,145x3.5,,IH,IH,,,,,,
FG,O-Ring,899,899-11326,,899-11326,5XX3,,IH,IH,,,,,,
FG,O-Ring,899,899-11327,,899-11327,45X45X3,,IH,IH,,,,,,
FG,O-Ring,899,899-11328,,899-11328,134.5XX3.15,,IH,IH,,,,,,
FG,O-Ring,899,899-11329,,899-11329,63X68X2.5,,IH,IH,,,,,,
FG,O-Ring,899,899-11330,,899-11330,255x5,,IH,IH,,,,,,
FG,O-Ring,899,899-11331,,899-11331,37x3,,IH,IH,,,,,,
FG,O-Ring,899,899-11332,,899-11332,Sealing ring 29.2*3.0 Scania 2/3/4/P/G/R/T/6 series,,IH,IH,,,,,,
FG,O-Ring,899,899-11333,,899-11333,258X262X4,,IH,IH,,,,,,
FG,O-Ring,899,899-11334,,899-11334,20.7X28.8X7,,IH,IH,,,,,,
FG,O-Ring,899,899-11335,,899-11335,24x30x3,,IH,IH,,,,,,
FG,O-Ring,899,899-11336,,899-11336,Sealing ring 26.5*3.0 Volvo B/F/FH/FM,,IH,IH,,,,,,
FG,O-Ring,899,899-11337,,899-11337,111x121x5,,IH,IH,,,,,,
FG,O-Ring,899,899-11338,,899-11338,28XX2.5,,IH,IH,,,,,,
FG,O-Ring,899,899-11339,,899-11339,248x3,,IH,IH,,,,,,
FG,O-Ring,899,899-11340,,899-11340,30x36x3.5,,IH,IH,,,,,,
FG,O-Ring,899,899-11341,,899-11341,64.5XX3,,IH,IH,,,,,,
FG,O-Ring,899,899-11342,,899-11342,53X61X5,,IH,IH,,,,,,
FG,O-Ring,899,899-11343,,899-11343,Sealing ring,,IH,IH,,,,,,
FG,O-Ring,899,899-11344,,899-11344,"ID-15, T-2",,IH,IH,,,,,,
FG,O-Ring,899,899-11345,,899-11345,54XX3.5,,IH,IH,,,,,,
FG,O-Ring,899,899-11346,,899-11346,34.2X40.2X3,,IH,IH,,,,,,
FG,O-Ring,899,899-11347,,899-11347,SAF hub cap sealing ring,,IH,IH,,,,,,
FG,O-Ring,899,899-11348,,899-11348,25X35X5,,IH,IH,,,,,,
FG,O-Ring,899,899-11349,,899-11349,Sealing ring,,IH,IH,,,,,,
FG,O-Ring,899,899-11350,,899-11350,11.3X16.1X2.4,,IH,IH,,,,,,
FG,O-Ring,899,899-11351,,899-11351,14.6XX1.52,,IH,IH,,,,,,
FG,O-Ring,899,899-11352,,899-11352,15XX2.6,,IH,IH,,,,,,
FG,O-Ring,899,899-11353,,899-11353,5.3XX2.4,,IH,IH,,,,,,
FG,O-Ring,899,899-11354,,899-11354,37.2x4,,IH,IH,,,,,,
FG,O-Ring,899,899-11355,,899-11355,45X50X2.5,,IH,IH,,,,,,
FG,O-Ring,899,899-11356,,899-11356,86XX3.5,,IH,IH,,,,,,
FG,O-Ring,899,899-11357,,899-11357,Injector sealing ring 26.7*1.7 Iveco EuroStar/Trakker/Stralis,,IH,IH,,,,,,
FG,O-Ring,899,899-11358,,899-11358,21X1.5,,IH,IH,,,,,,
FG,O-Ring,899,899-11359,,899-11359,12X17.5X3,,IH,IH,,,,,,
FG,O-Ring,899,899-11360,,899-11360,Hub sealing ring 100*3 BPW,,IH,IH,,,,,,
FG,O-Ring,899,899-11361,,899-11361,Scania 4/P/R/T series oil cooler sealing ring,,IH,IH,,,,,,
FG,O-Ring,899,899-11362,,899-11362,Sealing ring 65x3,,IH,IH,,,,,,
FG,O-Ring,899,899-11363,,899-11363,BC sleeve sealing ring 129*2 RVI,,IH,IH,,,,,,
FG,O-Ring,899,899-11364,,899-11364,Sealing ring 44*3 Scania 4/P/G/R/T,,IH,IH,,,,,,
FG,O-Ring,899,899-11365,,899-11365,Sealing ring,,IH,IH,,,,,,
FG,O-Ring,899,899-11366,,899-11366,250X5.5,,IH,IH,,,,,,
FG,O-Ring,899,899-11367,,899-11367,18.9X25.1X7,,IH,IH,,,,,,
FG,O-Ring,899,899-11368,,899-11368,36x3,,IH,IH,,,,,,
FG,O-Ring,899,899-11369,,899-11369,Hub sealing ring 269*6 MAN/MB,,IH,IH,,,,,,
FG,O-Ring,899,899-11370,,899-11370,Oil cooler gasket for Scania 4/P/R/T series,,IH,IH,,,,,,
FG,O-Ring,899,899-11371,,899-11371,SAF sealing ring,,IH,IH,,,,,,
FG,O-Ring,899,899-11372,,899-11372,17.3XX2.4,,IH,IH,,,,,,
FG,O-Ring,899,899-11373,,899-11373,23.7XX2.6,,IH,IH,,,,,,
FG,O-Ring,899,899-11374,,899-11374,BPW hub ring 90*3 sealing,,IH,IH,,,,,,
FG,O-Ring,899,899-11375,,899-11375,Sealing ring 47*52*2.5,,IH,IH,,,,,,
FG,O-Ring,899,899-11376,,899-11376,29XX3,,IH,IH,,,,,,
FG,O-Ring,899,899-11377,,899-11377,Injector sealing ring 25*32.4*3.7 OM501 MB Actros/Axor,,IH,IH,,,,,,
FG,O-Ring,899,899-11378,,899-11378,18XX2.6,,IH,IH,,,,,,
FG,O-Ring,899,899-11379,,899-11379,23.5XX2,,IH,IH,,,,,,
FG,O-Ring,899,899-11380,,899-11380,"ID-129.5, T-3",,IH,IH,,,,,,
FG,O-Ring,899,899-11381,,899-11381,20XX2.5,,IH,IH,,,,,,
FG,O-Ring,899,899-11382,,899-11382,19XX3,,IH,IH,,,,,,
FG,O-Ring,899,899-11383,,899-11383,148.5x4,,IH,IH,,,,,,
FG,O-Ring,899,899-11384,,899-11384,Injector sealing ring 11*17*3 OM457/501/502,,IH,IH,,,,,,
FG,O-Ring,899,899-11385,,899-11385,141X153X5.5,,IH,IH,,,,,,
FG,O-Ring,899,899-11386,,899-11386,15.5XX2,,IH,IH,,,,,,
FG,O-Ring,899,899-11387,,899-11387,8.5XX2,,IH,IH,,,,,,
FG,O-Ring,899,899-11388,,899-11388,142.5x3.5,,IH,IH,,,,,,
FG,O-Ring,899,899-11389,,899-11389,Sealing ring 9*15*3 MAN,,IH,IH,,,,,,
FG,O-Ring,899,899-11390,,899-11390,10.2XX3.5,,IH,IH,,,,,,
FG,O-Ring,899,899-11391,,899-11391,29X24X2.5,,IH,IH,,,,,,
FG,O-Ring,899,899-11392,,899-11392,17.7X18X,,IH,IH,,,,,,
FG,O-Ring,899,899-11394,,899-11394,133x3.5,,IH,IH,,,,,,
FG,O-Ring,899,899-11395,,899-11395,31XX4.5,,IH,IH,,,,,,
FG,Oil Seal,595,9108-7501,,595-08192,SET OF 5,,IH,IH,,,,,,
FG,Oil Seal,958,958-04197,,958-04197,115x140x13,,IH,IH,,,,,,
FG,Oil Seal,967,967-03490,,967-03490,140x160x13,,IH,IH,,,,,,
FG,Oil Seal,968,968-03711,,968-03711,25x35x7/10,,IH,IH,,,,,,
FG,Oil Seal,968,968-03781,,968-03781,120x150x15,,IH,IH,,,,,,
FG,Oil Seal,968,968-03809,,968-03809,125x150x13,,IH,IH,,,,,,
FG,Oil Seal,969,969-02853,,969-02853,130x150x13,,IH,IH,,,,,,
FG,Oil Seal,969,969-02935,,969-02935,95x115x13/12,,IH,IH,,,,,,
FG,Oil Seal,969,969-03301,,969-03301,100x120x12,,IH,IH,,,,,,
FG,Oil Seal,977,977-07061,,977-07061,42x58x7,,IH,IH,,,,,,
FG,Oil Seal,977,977-07513,,977-07513,60x74x10,,IH,IH,,,,,,
FG,Oil Seal,979,979-05022,,979-05022,78x100x10,,IH,IH,,,,,,
FG,Oil Seal,979,979-05039,,979-05039,90x110x11,,IH,IH,,,,,,
FG,Oil Seal,979,979-05366,,979-05366,130x100x14,,IH,IH,,,,,,
FG,Oil Seal,979,979-05984,,979-05984,6.4x14x1,,IH,IH,,,,,,
FG,Oil Seal,979,979-06011,,979-06011,24x33x2,,IH,IH,,,,,,
FG,Oil Seal,979,979-06213,,979-06213,120x150x15,,IH,IH,,,,,,
FG,Oil Seal,979,979-06222,,979-06222,153x171.3x13,,IH,IH,,,,,,
FG,Oil Seal,979,979-06673,,979-06673,80x150x12/20,,IH,IH,,,,,,
FG,Oil Seal,979,979-06726,,979-06726,56x75x22.5,,IH,IH,,,,,,
FG,Oil Seal,997,997-02615,,997-02615,125x150x15/13,,IH,IH,,,,,,
FG,Oil Seal,998,998-01397,,998-01397,145x170x15/20,,IH,IH,,,,,,
FG,Oil Seal,998,998-01404,,998-01404,168x190.5x30/31.6,,IH,IH,,,,,,
FG,Oil Seal,998,998-01446,,998-01446,85x110x12,,IH,IH,,,,,,
FG,Oil Seal,999,999-00002,,999-00002,27x42x5.50,,IH,IH,,,,,,
FG,Oil Seal,999,999-00007,,999-00007,68x102x9.5/15,,IH,IH,,,,,,
FG,Valve Stem,999,999-00096,,999-00096,12.6x16.6x10.3,,IH,IH,,,,,,
FG,Oil Seal,999,999-00106,,999-00106,166x191x16,,IH,IH,,,,,,
FG,Oil Seal,999,999-00107,,999-00107,134x161x16,,IH,IH,,,,,,
FG,Oil Seal,999,999-00108,,999-00108,55x78x8,,IH,IH,,,,,,
FG,Oil Seal,999,999-00111,,999-00111,100x130x17,,IH,IH,,,,,,
FG,Oil Seal,999,999-00120,,999-00120,100x124x12,,IH,IH,,,,,,
FG,Oil Seal,999,999-00121,,999-00121,100x140/166x16/22,,IH,IH,,,,,,
FG,Oil Seal,999,999-00124,,999-00124,85x140x13,,IH,IH,,,,,,
FG,Oil Seal,999,999-00129,,999-00129,154x180x12,,IH,IH,,,,,,
FG,Oil Seal,999,999-00130,,999-00130,85x110x12/16,,IH,IH,,,,,,
FG,Oil Seal,999,999-00131,,999-00131,125x160/190x18/20,,IH,IH,,,,,,
FG,Oil Seal,999,999-00137,,999-00137,108x152.6/185x19,,IH,IH,,,,,,
FG,Oil Seal,999,999-00143,,999-00143,112x147x13,,IH,IH,,,,,,
FG,Oil Seal,999,999-00147,,999-00147,130x160x14,,IH,IH,,,,,,
FG,Oil Seal,999,999-00161,,999-00161,88x123x15,,IH,IH,,,,,,
FG,Oil Seal,999,999-00199,,999-00199,105x130x12/17,,IH,IH,,,,,,
FG,Oil Seal,999,999-00213,,999-00213,55x75x8,,IH,IH,,,,,,
FG,Oil Seal,999,999-00214,,999-00214,90x120x11,,IH,IH,,,,,,
FG,Valve Stem,999,999-00222,,999-00222,8X11.5/14.2X10,,IH,IH,,,,,,
FG,Oil Seal,999,999-00239,,999-00239,115x140x13,,IH,IH,,,,,,
FG,Oil Seal,999,999-00261,,999-00261,125x160x15,,IH,IH,,,,,,
FG,Oil Seal,999,999-00274,,999-00274,100x130x14,,IH,IH,,,,,,
FG,Oil Seal,999,999-00283,,999-00283,60x90x14/16.3,,IH,IH,,,,,,
FG,Oil Seal,999,999-00286,,999-00286,80x100x12,,IH,IH,,,,,,
FG,Oil Seal,999,999-00287,,999-00287,95x115x12,,IH,IH,,,,,,
FG,Oil Seal,999,999-00288,,999-00288,95x130x16,,IH,IH,,,,,,
FG,Valve Stem,999,999-00298,,999-00298,Valve stem seal oil scraper F3BE0681 A/B/C/E/F/G Euro 3 Iveco EuroTrakker/Stralis,,IH,IH,,,,,,
FG,Oil Seal,999,999-00308,,999-00308,66x92x19,,IH,IH,,,,,,
FG,Oil Seal,999,999-00310,,999-00310,60x77x16,,IH,IH,,,,,,
FG,Oil Seal,999,999-00325,,999-00325,25x35x7,,IH,IH,,,,,,
FG,Oil Seal,999,999-00335,,999-00335,180x200x12,,IH,IH,,,,,,
FG,Oil Seal,999,999-00535,,999-00535,139x175x16.3,,IH,IH,,,,,,
FG,Oil Seal,999,999-00536,,999-00536,85x130x10/21,,IH,IH,,,,,,
FG,Oil Seal,999,999-00537,,999-00537,135x175x18,,IH,IH,,,,,,
FG,Oil Seal,999,999-00538,,999-00538,139x170x11,,IH,IH,,,,,,
FG,Oil Seal,999,999-00540,,999-00540,60x90x8,,IH,IH,,,,,,
FG,Oil Seal,999,999-00554,,999-00554,95x115.5x11,,IH,IH,,,,,,
FG,Valve Stem,999,999-00574,,999-00574,13.6x18x10,,IH,IH,,,,,,
FG,Oil Seal,999,999-00580,,999-00580,110x130x13,,IH,IH,,,,,,
FG,Oil Seal,999,999-00592,,999-00592,24.7x32x2,,IH,IH,,,,,,
FG,Oil Seal,999,999-00597,,999-00597,115x140x12/17,,IH,IH,,,,,,
FG,Oil Seal,999,999-00598,,999-00598,95x120x12/17,,IH,IH,,,,,,
FG,Oil Seal,999,999-00599,,999-00599,132x160x10,,IH,IH,,,,,,
FG,Oil Seal,999,999-00600,,999-00600,145x175/205x9/14,,IH,IH,,,,,,
FG,Oil Seal,999,999-00602,,999-00602,80x154x18/19,,IH,IH,,,,,,
FG,Oil Seal,999,999-00606,,999-00606,100x125x13,,IH,IH,,,,,,
FG,Oil Seal,999,999-00611,,999-00611,52x72x10,,IH,IH,,,,,,
FG,Oil Seal,999,999-00615,,999-00615,85x150/169x12/31.5,,IH,IH,,,,,,
FG,Oil Seal,999,999-00616,,999-00616,8.7x14x1,,IH,IH,,,,,,
FG,Oil Seal,999,999-00642,,999-00642,82.55x114.25x14/19,,IH,IH,,,,,,
FG,Oil Seal,999,999-00649,,999-00649,105x140x18,,IH,IH,,,,,,
FG,Valve Stem,999,999-00700,,999-00700,9/4.5X11.9/15X11.6,,IH,IH,,,,,,
FG,Oil Seal,999,999-00737,,999-00737,85x145x12/37,,IH,IH,,,,,,
FG,Oil Seal,999,999-00810,,999-00810,57x75x7.5,,IH,IH,,,,,,
FG,Valve Stem,999,999-00854,,999-00854,15x16x20,,IH,IH,,,,,,
FG,Oil Seal,999,999-00859,,999-00859,70x100x12.5/16,,IH,IH,,,,,,
FG,Oil Seal,999,999-00869,,999-00869,125x150x14,,IH,IH,,,,,,
FG,Oil Seal,999,999-00887,,999-00887,145x11x175,,IH,IH,,,,,,
FG,Oil Seal,999,999-00893,,999-00893,100x130x11,,IH,IH,,,,,,
FG,Oil Seal,999,999-00904,,999-00904,95x115x13/12,,IH,IH,,,,,,
FG,Oil Seal,999,999-00905,,999-00905,145x175x8,,IH,IH,,,,,,
FG,Oil Seal,999,999-00918,,999-00918,100x130x12,,IH,IH,,,,,,
FG,Valve Stem,999,999-00954,,999-00954,8x14.2x9,,IH,IH,,,,,,
FG,Oil Seal,999,999-00959,,999-00959,163x138x12,,IH,IH,,,,,,
FG,Valve Stem,999,999-00964,,999-00964,9X15/19X15,,IH,IH,,,,,,
FG,Valve Stem,999,999-00980,,999-00980,9x12x11,,IH,IH,,,,,,
FG,Oil Seal,999,999-00986,,999-00986,85x120x10/21,,IH,IH,,,,,,
FG,Oil Seal,999,999-01016,,999-01016,74.55x125.3x15.6,,IH,IH,,,,,,
FG,Oil Seal,999,999-01025,,999-01025,99.5x158.5x21,,IH,IH,,,,,,
FG,Oil Seal,999,999-01045,,999-01045,182x87x26,,IH,IH,,,,,,
FG,Oil Seal,999,999-01046,,999-01046,128x165x2,,IH,IH,,,,,,
FG,Oil Seal,999,999-01047,,999-01047,145x167x13,,IH,IH,,,,,,
FG,Oil Seal,999,999-01051,,999-01051,135x157x8,,IH,IH,,,,,,
FG,Oil Seal,999,999-01060,,999-01060,80x100x15.5,,IH,IH,,,,,,
FG,Oil Seal,999,999-01080,,999-01080,56x77x8,,IH,IH,,,,,,
FG,Oil Seal,999,999-01089,,999-01089,48x65x10,,IH,IH,,,,,,
FG,Oil Seal,999,999-01096,,999-01096,145x175x17/21,,IH,IH,,,,,,
FG,Oil Seal,999,999-01141,,999-01141,62x75x7.5,,IH,IH,,,,,,
FG,Oil Seal,999,999-01173,,999-01173,62x78x10,,IH,IH,,,,,,
FG,Oil Seal,999,999-01198,,999-01198,86x105x5/6,,IH,IH,,,,,,
FG,Oil Seal,999,999-01405,,999-01405,22x32x8,,IH,IH,,,,,,
FG,Oil Seal,999,999-01408,,999-01408,74x101x74X7,,IH,IH,,,,,,
FG,Oil Seal,999,999-01443,,999-01443,110x140x11/19,,IH,IH,,,,,,
FG,Oil Seal,999,999-01477,,999-01477,100x130x13,,IH,IH,,,,,,
FG,Valve Stem,999,999-01488,,999-01488,9X12.9/16X11.5,,IH,IH,,,,,,
FG,Valve Stem,999,999-01489,,999-01489,17x20.3x18,,IH,IH,,,,,,
FG,Oil Seal,999,999-01498,,999-01498,150x172x13,,IH,IH,,,,,,
FG,Oil Seal,999,999-01500,,999-01500,95x120x13,,IH,IH,,,,,,
FG,Valve Stem,999,999-01597,,999-01597,10x12.6/17.5x10.9,,IH,IH,,,,,,
FG,Oil Seal,999,999-01698,,999-01698,185x155x13,,IH,IH,,,,,,
FG,Oil Seal,999,999-01699,,999-01699,55x75x9,,IH,IH,,,,,,
FG,Oil Seal,999,999-01700,,999-01700,57x75x7/9,,IH,IH,,,,,,
FG,Oil Seal,999,999-01703,,999-01703,125x152x24,,IH,IH,,,,,,
FG,Oil Seal,999,999-01705,,999-01705,36x41.4x2,,IH,IH,,,,,,
FG,Oil Seal,999,999-01708,,999-01708,85x153x13/18,,IH,IH,,,,,,
FG,Oil Seal,999,999-01717,,999-01717,145x185x13,,IH,IH,,,,,,
FG,Oil Seal,999,999-01721,,999-01721,25x35x7,,IH,IH,,,,,,
FG,Oil Seal,999,999-01724,,999-01724,135x153x13,,IH,IH,,,,,,
FG,Oil Seal,999,999-01729,,999-01729,145x175x13,,IH,IH,,,,,,
FG,Oil Seal,999,999-01732,,999-01732,24x36x4,,IH,IH,,,,,,
FG,Oil Seal,999,999-01739,,999-01739,120x140x12,,IH,IH,,,,,,
FG,Oil Seal,999,999-01740,,999-01740,85x105x13,,IH,IH,,,,,,
FG,Oil Seal,999,999-01741,,999-01741,140x170x15,,IH,IH,,,,,,
FG,Oil Seal,999,999-01742,,999-01742,85x105x16.5,,IH,IH,,,,,,
FG,Oil Seal,999,999-01744,,999-01744,8.7x13.1x1,,IH,IH,,,,,,
FG,Oil Seal,999,999-01751,,999-01751,44.5x60x7,,IH,IH,,,,,,
FG,Oil Seal,999,999-01766,,999-01766,75x100x14,,IH,IH,,,,,,
FG,Oil Seal,999,999-01767,,999-01767,155x188x14.5,,IH,IH,,,,,,
FG,Oil Seal,999,999-01780,,999-01780,50x70x9/8,,IH,IH,,,,,,
FG,Oil Seal,999,999-01791,,999-01791,130x160x15,,IH,IH,,,,,,
FG,Oil Seal,999,999-01839,,999-01839,80x100x13,,IH,IH,,,,,,
FG,Oil Seal,999,999-01859,,999-01859,130x170x17,,IH,IH,,,,,,
FG,Oil Seal,999,999-01877,,999-01877,180x205x9.5/15,,IH,IH,,,,,,
FG,Oil Seal,999,999-01882,,999-01882,92x151x11/14.5,,IH,IH,,,,,,
FG,Oil Seal,999,999-01884,,999-01884,32x40x8,,IH,IH,,,,,,
FG,Oil Seal,999,30151,,999-01889,105x125x12,,IH,IH,,,,,,
FG,Oil Seal,999,999-01892,,999-01892,124.8x148.2x8.5/9.7,,IH,IH,,,,,,
FG,Oil Seal,999,999-01893,,999-01893,94x145x10,,IH,IH,,,,,,
FG,Oil Seal,999,999-01896,,999-01896,76x95.4x11/31,,IH,IH,,,,,,
FG,Oil Seal,999,999-01899,,999-01899,125x148.3x8.1/9.3,,IH,IH,,,,,,
FG,Oil Seal,999,999-01900,,999-01900,57.5x90/99x13,,IH,IH,,,,,,
FG,Oil Seal,999,999-01907,,999-01907,125x148x9.7,,IH,IH,,,,,,
FG,Oil Seal,999,999-01975,,999-01975,26x34x4.5/7,,IH,IH,,,,,,
FG,Oil Seal,999,999-01981,,999-01981,15x90x145,,IH,IH,,,,,,
FG,Oil Seal,999,999-01984,,999-01984,140x164x15.5/18,,IH,IH,,,,,,
FG,Oil Seal,999,999-01990,,999-01990,90x145x10,,IH,IH,,,,,,
FG,Oil Seal,999,999-02006,,999-02006,90x151x10/5,,IH,IH,,,,,,
FG,Oil Seal,999,999-02007,,999-02007,80x130.2x12/20,,IH,IH,,,,,,
FG,Oil Seal,999,999-02009,,999-02009,50x65x8,,IH,IH,,,,,,
FG,Oil Seal,999,999-02011,,999-02011,64.9x90x10/9.5,,IH,IH,,,,,,
FG,Oil Seal,999,999-02031,,999-02031,38x52x7,,IH,IH,,,,,,
FG,Oil Seal,999,999-02037,,999-02037,90x125.5x10,,IH,IH,,,,,,
FG,Valve Stem,999,999-02052,,999-02052,Oil seal 8*12/15.4*9.5,,IH,IH,,,,,,
FG,Oil Seal,999,999-02054,,999-02054,76.2x101.6x12,,IH,IH,,,,,,
FG,Oil Seal,999,999-02074,,999-02074,64.9x90x10,,IH,IH,,,,,,
FG,Oil Seal,999,999-02316,,999-02316,105x125x12/16,,IH,IH,,,,,,
FG,Oil Seal,999,999-02357,,999-02357,,,IH,IH,,,,,,
FG,Oil Seal,999,999-02380,,999-02380,79x105.1x5.3,,IH,IH,,,,,,
FG,Oil Seal,999,999-10382,,999-10382,133x168x15,,IH,IH,,,,,,
FG,Oil Seal,999,999-10384,,999-10384,125x143x13,,IH,IH,,,,,,
FG,Oil Seal,999,999-10386,,999-10386,115x137x8,,IH,IH,,,,,,
FG,Oil Seal,999,999-10387,,999-10387,105.5x125x8,,IH,IH,,,,,,
FG,Oil Seal,999,999-10388,,999-10388,85x140x18.5,,IH,IH,,,,,,
FG,Oil Seal,999,999-10389,,999-10389,85x110x12,,IH,IH,,,,,,
FG,Oil Seal,999,999-10390,,999-10390,121x170x15.5/17,,IH,IH,,,,,,
FG,Oil Seal,999,999-10391,,999-10391,114x152x15,,IH,IH,,,,,,
FG,Oil Seal,999,999-10392,,999-10392,128x144/152.3x11/26,,IH,IH,,,,,,
FG,Oil Seal,999,999-10393,,999-10393,85x110x12/17,,IH,IH,,,,,,
FG,Oil Seal,999,999-10394,,999-10394,66.67x125.4x18,,IH,IH,,,,,,
FG,Oil Seal,999,999-10396,,999-10396,14.7x22x1.5,,IH,IH,,,,,,
FG,Oil Seal,999,999-10399,,999-10399,85x150x16.3/24,,IH,IH,,,,,,
FG,Oil Seal,999,999-10400,,999-10400,85x155x12/33,,IH,IH,,,,,,
FG,Oil Seal,999,999-10402,,999-10402,100X120X11/16.5,,IH,IH,,,,,,
FG,Oil Seal,999,999-10408,,999-10408,80x100x10,,IH,IH,,,,,,
FG,Oil Seal,999,999-10410,,999-10410,75x110/134x10/17,,IH,IH,,,,,,
FG,Oil Seal,999,999-10412,,999-10412,105x127x12,,IH,IH,,,,,,
FG,Oil Seal,999,999-10414,,999-10414,117.6x152.4x25.4,,IH,IH,,,,,,
FG,Oil Seal,999,999-10415,,999-10415,25.6x35x7.2,,IH,IH,,,,,,
FG,Oil Seal,999,999-10416,,999-10416,19.5x27.9x7.2,,IH,IH,,,,,,
FG,Oil Seal,999,999-10417,,999-10417,18.5x25.9x2.5,,IH,IH,,,,,,
FG,Oil Seal,999,999-10419,,999-10419,159x15.5,,IH,IH,,,,,,
FG,Oil Seal,999,999-10421,,999-10421,34x76x7.5,,IH,IH,,,,,,
FG,Oil Seal,999,999-10424,,999-10424,142.15x175.5x11.4,,IH,IH,,,,,,
FG,Oil Seal,999,999-10426,,999-10426,16x22x3/6,,IH,IH,,,,,,
FG,Oil Seal,999,999-10427,,999-10427,31x35x9,,IH,IH,,,,,,
FG,Oil Seal,999,999-10429,,999-10429,16.3x29.5x10.8,,IH,IH,,,,,,
FG,Oil Seal,999,999-10430,,999-10430,100x122x32,,IH,IH,,,,,,
FG,Oil Seal,999,999-10431,,999-10431,142x27.5,,IH,IH,,,,,,
FG,Oil Seal,999,999-10433,,999-10433,52x62x8,,IH,IH,,,,,,
FG,Oil Seal,999,999-10435,,999-10435,23.5X36X10.5,,IH,IH,,,,,,
FG,Oil Seal,999,999-10436,,999-10436,180x205x15,,IH,IH,,,,,,
FG,Oil Seal,999,999-10438,,999-10438,17.4x25.5x7.3,,IH,IH,,,,,,
FG,Oil Seal,999,999-10444,,999-10444,50x62x2,,IH,IH,,,,,,
FG,Oil Seal,999,999-10445,,999-10445,50x100x7.5,,IH,IH,,,,,,
FG,Oil Seal,999,999-10446,,999-10446,52x60x20,,IH,IH,,,,,,
FG,Oil Seal,999,999-10702,,999-10702,66.5X106X15,,IH,IH,,,,,,
FG,Oil Seal,999,999-10715,,999-10715,19.3x27.3x12.5,,IH,IH,,,,,,
FG,Oil Seal,999,999-10734,,999-10734,Pressure ring,,IH,IH,,,,,,
FG,Washer,999,999-10736,,999-10736,6.2x11x1,,IH,IH,,,,,,
FG,Oil Seal,999,999-10883,,999-10883,Sealing ring,,IH,IH,,,,,,
FG,Oil Seal,999,999-11078,,999-11078,95x115x13,,IH,IH,,,,,,
FG,Oil Seal,999,999-11079,,999-11079,72x15x19,,IH,IH,,,,,,
FG,Oil Seal,999,999-11133,,999-11133,55x63x9.4,,IH,IH,,,,,,
FG,Oil Seal,999,999-11149,,999-11149,16X38X38,,IH,IH,,,,,,
FG,Gasket,999,999-11163,,999-11163,Radiator diffuser seal Scania 4/P/R/T series,,IH,IH,,,,,,
FG,Oil Seal,999,999-11164,,999-11164,88x123x23,,IH,IH,,,,,,
FG,Oil Seal,999,999-11165,,999-11165,97.5x157x23,,IH,IH,,,,,,
FG,Bush,999,999-11169,,999-11169,Sealing ring,,IH,IH,,,,,,
FG,Valve Stem,999,999-11202,,999-11202,12.8X37X25,,IH,IH,,,,,,
FG,Valve Stem,999,999-11203,,999-11203,15x17.5x9/13.5,,IH,IH,,,,,,
FG,Valve Stem,999,999-11204,,999-11204,Valve seal 9*13*16.4*10 oil scraper Cursor 10 F3AE0681 Iveco EuroStar/Tech/Stralis,,IH,IH,,,,,,
FG,Valve Stem,999,999-11205,,999-11205,9.5/13.5X16.1X15.1,,IH,IH,,,,,,
FG,Valve Stem,999,999-11206,,999-11206,10x12.8/16.2x6.5,,IH,IH,,,,,,
FG,Oil Seal,999,999-11215,,999-11215,95X115X10,,IH,IH,,,,,,
FG,Oil Seal,999,999-11398,,999-11398,7X16.5X2,,IH,IH,,,,,,
FG,Oil Seal,999,999-11399,,999-11399,85X105X12,,IH,IH,,,,,,
FG,Oil Seal,999,999-11400,,999-11400,116x151x11,,IH,IH,,,,,,
FG,Oil Seal,999,999-11401,,999-11401,35x42x4,,IH,IH,,,,,,
FG,Oil Seal,999,999-11402,,999-11402,90x107x8,,IH,IH,,,,,,
FG,Oil Seal,999,999-11403,,999-11403,85x130x17/27,,IH,IH,,,,,,
FG,Oil Seal,999,999-11404,,999-11404,76.2x116x25.4,,IH,IH,,,,,,
FG,Oil Seal,999,999-11405,,999-11405,87.26x120.76x15.4,,IH,IH,,,,,,
FG,Oil Seal,999,999-11406,,999-11406,150x180x15,,IH,IH,,,,,,
FG,Oil Seal,999,999-11407,,999-11407,80x100x10,,IH,IH,,,,,,
FG,Oil Seal,999,999-11408,,999-11408,81x96x10,,IH,IH,,,,,,
FG,Oil Seal,999,999-11409,,999-11409,55x72x8/10,,IH,IH,,,,,,
FG,Oil Seal,999,999-11410,,999-11410,179x200x15.7,,IH,IH,,,,,,
FG,Oil Seal,999,999-11411,,999-11411,82.5x101.6x12,,IH,IH,,,,,,
FG,Oil Seal,999,999-11412,,999-11412,70x88x8,,IH,IH,,,,,,
FG,Oil Seal,999,999-11413,,999-11413,65x90x13,,IH,IH,,,,,,
FG,Oil Seal,999,999-11414,,999-11414,105x127x12/17,,IH,IH,,,,,,
FG,Oil Seal,999,999-11415,,999-11415,80x110x11/16,,IH,IH,,,,,,
FG,Oil Seal,999,999-11416,,999-11416,78x135x21.5,,IH,IH,,,,,,
FG,Oil Seal,999,999-11417,,999-11417,86x100x14/18,,IH,IH,,,,,,
FG,Oil Seal,999,999-11418,,999-11418,160x190x13,,IH,IH,,,,,,
FG,Oil Seal,999,999-11419,,999-11419,25x38/49x10.5/15,,IH,IH,,,,,,
FG,Oil Seal,999,999-11420,,999-11420,75x95x10,,IH,IH,,,,,,
FG,Oil Seal,999,999-11421,,999-11421,65x90x10,,IH,IH,,,,,,
FG,Oil Seal,999,999-11422,,999-11422,90x115x15,,IH,IH,,,,,,
FG,Oil Seal,999,999-11423,,999-11423,75x95x10.5,,IH,IH,,,,,,
FG,Oil Seal,999,999-11424,,999-11424,72x105x22.5,,IH,IH,,,,,,
FG,Oil Seal,999,999-11425,,999-11425,120x150x15/20.8,,IH,IH,,,,,,
FG,Oil Seal,999,999-11426,,999-11426,95x115x15.5,,IH,IH,,,,,,
FG,Oil Seal,999,999-11427,,999-11427,22x36x14.5,,IH,IH,,,,,,
FG,Oil Seal,999,999-11428,,999-11428,52x68x8,,IH,IH,,,,,,
FG,Oil Seal,999,999-11429,,999-11429,85x130x26.5,,IH,IH,,,,,,
FG,Oil Seal,999,999-11430,,999-11430,41x48x11.7,,IH,IH,,,,,,
FG,Oil Seal,999,999-11431,,999-11431,136x159x13,,IH,IH,,,,,,
FG,Oil Seal,999,999-11432,,999-11432,150x180x15,,IH,IH,,,,,,
FG,Oil Seal,999,999-11433,,999-11433,51x66x11,,IH,IH,,,,,,
FG,Oil Seal,999,999-11434,,999-11434,62x53x5,,IH,IH,,,,,,
FG,Oil Seal,999,999-11435,,999-11435,66x90x12,,IH,IH,,,,,,
FG,Oil Seal,999,999-11436,,999-11436,78x104x11,,IH,IH,,,,,,
FG,Oil Seal,999,999-11437,,999-11437,111.25x138.75x7,,IH,IH,,,,,,
FG,Oil Seal,999,999-11438,,999-11438,18x12.7x1.6,,IH,IH,,,,,,
FG,Oil Seal,999,999-11439,,999-11439,28x40x6,,IH,IH,,,,,,
FG,Oil Seal,999,999-11440,,999-11440,6.7x11x1,,IH,IH,,,,,,
FG,Oil Seal,999,999-11441,,999-11441,112x145x1/12,,IH,IH,,,,,,
FG,Oil Seal,999,999-11442,,999-11442,50x70x10/14,,IH,IH,,,,,,
FG,Oil Seal,999,999-11443,,999-11443,125x160x15.5/20,,IH,IH,,,,,,
FG,Oil Seal,999,999-11444,,999-11444,77x93.5x6,,IH,IH,,,,,,
FG,Oil Seal,999,999-11445,,999-11445,42x52x5,,IH,IH,,,,,,
FG,Oil Seal,999,999-11446,,999-11446,31.5X38.5X3.5,,IH,IH,,,,,,
FG,Oil Seal,999,999-11447,,999-11447,72x84x11,,IH,IH,,,,,,
FG,Oil Seal,999,999-11448,,999-11448,105x130x12,,IH,IH,,,,,,
FG,Oil Seal,999,999-11449,,999-11449,180x200x12,,IH,IH,,,,,,
FG,Oil Seal,999,999-11450,,999-11450,97x135/159x22,,IH,IH,,,,,,
FG,Oil Seal,999,999-11451,,999-11451,53x79x13,,IH,IH,,,,,,
FG,Shim,999,999-11452,,999-11452,146x155x15,,IH,IH,,,,,,
FG,Oil Seal,999,999-11453,,999-11453,37x47.6x5/7,,IH,IH,,,,,,
FG,Oil Seal,999,999-11454,,999-11454,160x180x10,,IH,IH,,,,,,
FG,Oil Seal,999,999-11455,,999-11455,145x175x13,,IH,IH,,,,,,
FG,Oil Seal,999,999-11456,,999-11456,110x160x17,,IH,IH,,,,,,
FG,Oil Seal,999,999-11457,,999-11457,145x175x14,,IH,IH,,,,,,
FG,Oil Seal,999,999-11458,,999-11458,28x42x11,,IH,IH,,,,,,
FG,Oil Seal,999,999-11459,,999-11459,121x160x28,,IH,IH,,,,,,
FG,Oil Seal,999,999-11460,,999-11460,145x175x16,,IH,IH,,,,,,
FG,Oil Seal,999,999-11461,,999-11461,105x130x12,,IH,IH,,,,,,
FG,Oil Seal,999,999-11462,,999-11462,145x175x13,,IH,IH,,,,,,
FG,Oil Seal,999,999-11463,,999-11463,77x103x18,,IH,IH,,,,,,
FG,Oil Seal,999,999-11464,,999-11464,32x41x5,,IH,IH,,,,,,
FG,Oil Seal,999,999-11465,,999-11465,90x111x6/8,,IH,IH,,,,,,
FG,Oil Seal,999,999-11466,,999-11466,17X10/14.4X18,,IH,IH,,,,,,
FG,Oil Seal,999,999-11467,,999-11467,55x70x8,,IH,IH,,,,,,
FG,Oil Seal,999,999-11468,,999-11468,130x100x12,,IH,IH,,,,,,
FG,Oil Seal,999,999-11469,,999-11469,84x87x4,,IH,IH,,,,,,
FG,Oil Seal,999,999-11470,,999-11470,120x140x13,,IH,IH,,,,,,
FG,Oil Seal,999,999-11471,,999-11471,120x160x15/13,,IH,IH,,,,,,
FG,Oil Seal,999,999-11472,,999-11472,25x40x15,,IH,IH,,,,,,
FG,Oil Seal,999,999-11473,,999-11473,Volvo gearbox sealing ring,,IH,IH,,,,,,
FG,Oil Seal,999,999-11474,,999-11474,50x70x8,,IH,IH,,,,,,
FG,Oil Seal,999,999-11475,,999-11475,16x24x2,,IH,IH,,,,,,
FG,Oil Seal,999,999-11476,,999-11476,62.5x53.6x15,,IH,IH,,,,,,
FG,Oil Seal,999,999-11477,,999-11477,121.08x160.62x26.28,,IH,IH,,,,,,
FG,Oil Seal,999,999-11478,,999-11478,117x152x25.5,,IH,IH,,,,,,
FG,Oil Seal,999,999-11479,,999-11479,132x172x12,,IH,IH,,,,,,
FG,Oil Seal,999,999-11480,,999-11480,145x175x15,,IH,IH,,,,,,
FG,Oil Seal,999,999-11481,,999-11481,52x65x10.7,,IH,IH,,,,,,
FG,Oil Seal,999,999-11482,,999-11482,160x180x10,,IH,IH,,,,,,
FG,Oil Seal,999,999-11483,,999-11483,16.7x24x1.5,,IH,IH,,,,,,
FG,Oil Seal,999,999-11484,,999-11484,16.7x22.4x1.5,,IH,IH,,,,,,
FG,Oil Seal,999,999-11485,,999-11485,42x56x7,,IH,IH,,,,,,
FG,Oil Seal,999,999-11486,,999-11486,Eco Plus 2 Hub Grease Rack,,IH,IH,,,,,,
FG,Oil Seal,999,999-11487,,999-11487,125x152.4x15,,IH,IH,,,,,,
FG,Oil Seal,999,999-11488,,999-11488,16.7x24x1.5,,IH,IH,,,,,,
FG,Oil Seal,999,999-11489,,999-11489,22.7x30x2,,IH,IH,,,,,,
FG,Oil Seal,999,999-11490,,999-11490,17x41x9,,IH,IH,,,,,,
FG,Oil Seal,999,999-11491,,999-11491,Gearbox oil seal,,IH,IH,,,,,,
FG,Oil Seal,999,999-11533,,999-11533,135x175x18,,IH,IH,,,,,,
FG,Oil Seal,999,999-11814,,999-11814,90x151x11/17,,IH,IH,,,,,,
FG,,,1006A,,,SIZE NA,,,,,,,,,
FG,,,381R,,,SIZE NA,,,,,,,,,
FG,,,968-03717,,,SIZE NA,,,,,,,,,
FG,,,979-05181,,,SIZE NA,,,,,,,,,
FG,,,959-04042,,,SIZE NA,,,,,,,,,
FG,,,996-02394,,,SIZE NA,,,,,,,,,
FG,,,601,,,SIZE NA,,,,,,,,,
FG,,,32211,,,SIZE NA,,,,,,,,,
FG,,,443,,,SIZE NA,,,,,,,,,
FG,,,250R,,,SIZE NA,,,,,,,,,
FG,,,599-00920,,,SIZE NA,,,,,,,,,
FG,,,106R,,,SIZE NA,,,,,,,,,
FG,,,251M,,,SIZE NA,,,,,,,,,
FG,,,958-04180,,,SIZE NA,,,,,,,,,
FG,,,256R,,,SIZE NA,,,,,,,,,
FG,,,30135,,,SIZE NA,,,,,,,,,
FG,,,968-03641,,,SIZE NA,,,,,,,,,
FG,,,958-04122,,,SIZE NA,,,,,,,,,
